created_doc_time,avail_qty,biddingzone_domain,businesstype,curvetype,docstatus,end,mrid,nominal_power,plant_type,production_resource_id,production_resource_location,production_resource_name,production_resource_psr_name,pstn,qty_uom,resolution,revision,start
2025-10-03 09:11:10+02:00,0,BE,Planned maintenance,A03,Cancelled,2023-04-21 00:00:00+02:00,OOtlNhrGxLhVg7BqW-Uq0A,230.0,Hydro Pumped Storage,22WCOOXII000070C,Belgium,COO II T,COO 6 T,1,MAW,PT1M,2,2023-04-10 00:00:00+02:00
2025-10-03 09:11:10+02:00,0,BE,Planned maintenance,A03,Cancelled,2023-07-01 00:00:00+02:00,3Q7dUDNqiGx6E_eFkJIGrw,158.0,Hydro Pumped Storage,22WCOOXIX000067T,Belgium,COO I T,COO 1 T,1,MAW,PT1M,2,2023-05-01 00:00:00+02:00
2025-10-05 17:47:22+02:00,0,BE,Planned maintenance,A03,Cancelled,2023-07-17 00:00:00+02:00,2vGVlSOzfzjDOao3qQBbTQ,157.0,Fossil Gas,22WHERDER0001288,Belgium,HERDERSBRUG STEG,HERDERSBRUG GT1,1,MAW,PT1M,2,2023-05-01 00:00:00+02:00
2025-10-05 19:05:03+02:00,0,BE,Planned maintenance,A03,Cancelled,2023-04-27 18:00:00+02:00,ZEkzI0V-xdcdkPQsm-s1kw,158.0,Hydro Pumped Storage,22WCOOXIX000067T,Belgium,COO I T,COO 1 T,1,MAW,PT1M,2,2023-04-17 08:00:00+02:00
2025-10-05 19:05:04+02:00,0,BE,Planned maintenance,A03,Cancelled,2023-05-29 18:00:00+02:00,PkqOqIAOrS--EaSwsSqTaw,158.0,Hydro Pumped Storage,22WCOOXIX000067T,Belgium,COO I T,COO 2 T,1,MAW,PT1M,2,2023-05-08 08:00:00+02:00
2025-10-06 11:00:13+02:00,0,BE,Planned maintenance,A03,Cancelled,2023-01-20 07:30:00+01:00,wZcJpO00doL3MYJwu57L2A,422.0,Fossil Gas,22WT-POWE000244W,Belgium,T-power Beringen,T-power Beringen,1,MAW,PT1M,2,2023-01-15 07:30:00+01:00
2025-10-06 11:02:08+02:00,0,BE,Planned maintenance,A03,Cancelled,2023-05-14 18:00:00+02:00,gxnG2cLQIp-apLVx7F_5ZQ,158.0,Hydro Pumped Storage,22WCOOXIX000067T,Belgium,COO I T,COO 2 T,1,MAW,PT1M,2,2023-05-02 08:00:00+02:00
2025-10-06 11:02:08+02:00,0,BE,Planned maintenance,A03,Cancelled,2023-05-14 18:00:00+02:00,thD9iwBm201bjRbX_-fJbg,158.0,Hydro Pumped Storage,22WCOOXIX000067T,Belgium,COO I T,COO 3 T,1,MAW,PT1M,2,2023-05-02 08:00:00+02:00
2025-10-06 11:17:25+02:00,0,BE,Planned maintenance,A03,Cancelled,2023-05-15 00:00:00+02:00,pQekNHC1BQrcYNgrP8FARQ,289.0,Fossil Gas,22WAMERCO000010Y,Belgium,Amercoeur 1 R TGV,Amercoeur 1 R GT,1,MAW,PT1M,2,2023-05-01 00:00:00+02:00
2025-10-06 11:17:26+02:00,0,BE,Planned maintenance,A03,Cancelled,2023-05-15 00:00:00+02:00,Ho09Q4Gt8SzrHyXuQFe-ug,162.0,Fossil Gas,22WAMERCO000010Y,Belgium,Amercoeur 1 R TGV,Amercoeur 1 R ST,1,MAW,PT1M,2,2023-05-01 00:00:00+02:00
2025-10-06 14:04:32+02:00,0,BE,Planned maintenance,A03,Cancelled,2023-07-05 18:00:00+02:00,ThaCkVYLP9Fepgp0BHixLg,230.0,Hydro Pumped Storage,22WCOOXII000070C,Belgium,COO II T,COO 4 T,1,MAW,PT1M,2,2023-05-02 08:00:00+02:00
2025-10-06 14:04:33+02:00,0,BE,Planned maintenance,A03,Cancelled,2023-07-05 18:00:00+02:00,ytgvuPIHkd4_-m7EEJHraQ,230.0,Hydro Pumped Storage,22WCOOXII000070C,Belgium,COO II T,COO 5 T,1,MAW,PT1M,2,2023-05-02 08:00:00+02:00
2025-10-06 14:04:33+02:00,0,BE,Planned maintenance,A03,Cancelled,2023-07-05 18:00:00+02:00,AcV3TjJtMVehwZpt3s2wSQ,230.0,Hydro Pumped Storage,22WCOOXII000070C,Belgium,COO II T,COO 6 T,1,MAW,PT1M,2,2023-05-02 08:00:00+02:00
2025-10-06 14:15:10+02:00,0,BE,Planned maintenance,A03,Cancelled,2023-06-12 00:00:00+02:00,SbPbUoaBzBKehUrSnXiGpw,150.0,Fossil Gas,22WDROGEN0000863,Belgium,DROGENBOS TGV,DROGENBOS GT1,1,MAW,PT1M,2,2023-05-22 00:00:00+02:00
2025-10-06 16:13:16+02:00,0,BE,Planned maintenance,A03,Cancelled,2023-01-20 07:30:00+01:00,-TS0VEYrWWmMNNLHaNZYOA,422.0,Fossil Gas,22WT-POWE000244W,Belgium,T-power Beringen,T-power Beringen,1,MAW,PT1M,2,2023-01-15 07:30:00+01:00
2025-10-06 18:04:30+02:00,0,BE,Planned maintenance,A03,,2023-01-03 15:00:00+01:00,nCYGn4HPvOBiVrWtRFL35g,230.0,Hydro Pumped Storage,22WCOOXII000070C,Belgium,COO II T,COO 6 T,1,MAW,PT1M,2,2023-01-03 12:54:00+01:00
2025-10-06 18:05:49+02:00,0,BE,Planned maintenance,A03,,2023-01-04 15:00:00+01:00,n_oLvJku8P3ez2aEnmHKFA,230.0,Hydro Pumped Storage,22WCOOXII000070C,Belgium,COO II T,COO 5 T,1,MAW,PT1M,2,2023-01-04 12:45:00+01:00
2025-10-06 18:08:05+02:00,156.09,BE,Planned maintenance,A03,Cancelled,2023-01-25 16:00:00+01:00,YFxeUlod1mUXwd-L04j2HQ,156.3,Fossil Gas,22WHERDER0001288,Belgium,HERDERSBRUG STEG,HERDERSBRUG GT2,1,MAW,PT1M,2,2023-01-25 08:00:00+01:00
2025-10-06 18:08:10+02:00,156.09,BE,Planned maintenance,A03,Cancelled,2023-01-25 16:00:00+01:00,gHObK7eKcqGD9Tqp7jeasg,156.3,Fossil Gas,22WHERDER0001288,Belgium,HERDERSBRUG STEG,HERDERSBRUG GT2,1,MAW,PT1M,2,2023-01-25 08:00:00+01:00
2025-10-06 18:08:10+02:00,156.09,BE,Planned maintenance,A03,Cancelled,2023-01-25 16:00:00+01:00,PpiQEA8CtyIGeoU7qB14lw,157.0,Fossil Gas,22WHERDER0001288,Belgium,HERDERSBRUG STEG,HERDERSBRUG GT1,1,MAW,PT1M,2,2023-01-25 08:00:00+01:00
2025-10-06 18:08:18+02:00,129.41,BE,Planned maintenance,A03,,2023-02-20 16:00:00+01:00,-e2KLgPkkTnUK_F-NnFRjA,160.0,Fossil Gas,22WDROGEN0000863,Belgium,DROGENBOS TGV,DROGENBOS ST,1,MAW,PT1M,2,2023-02-20 08:00:00+01:00
2025-10-06 18:08:18+02:00,120.17,BE,Planned maintenance,A03,,2023-02-20 16:00:00+01:00,YTFRxLOg0kagB-ATSBzfkQ,150.0,Fossil Gas,22WDROGEN0000863,Belgium,DROGENBOS TGV,DROGENBOS GT2,1,MAW,PT1M,2,2023-02-20 08:00:00+01:00
2025-10-06 18:08:18+02:00,147.55,BE,Planned maintenance,A03,,2023-02-20 16:00:00+01:00,Hsnpq8zrCD1hTIko10XMVg,150.0,Fossil Gas,22WDROGEN0000863,Belgium,DROGENBOS TGV,DROGENBOS GT1,1,MAW,PT1M,2,2023-02-20 08:00:00+01:00
2025-10-06 18:08:38+02:00,140,BE,Planned maintenance,A03,Cancelled,2023-01-06 23:59:00+01:00,HzbAAISTXtE2o8S-mWObUQ,268.0,Biomass,22WRODENH000213L,Belgium,RODENHUIZE 4,RODENHUIZE 4,1,MAW,PT1M,2,2023-01-06 17:00:00+01:00
2025-10-06 18:08:38+02:00,180,BE,Planned maintenance,A03,Cancelled,2023-01-07 12:00:00+01:00,-lxI1mhZ1toLc9z2GbjZ_A,268.0,Biomass,22WRODENH000213L,Belgium,RODENHUIZE 4,RODENHUIZE 4,1,MAW,PT1M,2,2023-01-07 00:00:00+01:00
2025-10-06 18:09:15+02:00,385,BE,Planned maintenance,A03,,2023-01-08 02:00:00+01:00,0UsIY-jsKKyUneBEc4VWuA,445.0,Nuclear,22WDOELX1000076X,Belgium,DOEL 1,DOEL 1,1,MAW,PT1M,1,2023-01-08 00:00:00+01:00
2025-10-06 18:11:36+02:00,0,BE,Planned maintenance,A03,,2023-01-11 18:00:00+01:00,die06pjKQe-w6K_JmRZq4w,289.0,Fossil Gas,22WAMERCO000010Y,Belgium,Amercoeur 1 R TGV,Amercoeur 1 R GT,1,MAW,PT1M,1,2023-01-11 00:00:00+01:00
2025-10-06 18:11:36+02:00,0,BE,Planned maintenance,A03,,2023-01-11 18:00:00+01:00,UKqWEBuzOaL9s8Q4WGUrTw,162.0,Fossil Gas,22WAMERCO000010Y,Belgium,Amercoeur 1 R TGV,Amercoeur 1 R ST,1,MAW,PT1M,1,2023-01-11 00:00:00+01:00
2025-10-06 18:11:50+02:00,948.12,BE,Planned maintenance,A03,,2023-01-31 23:59:00+01:00,ac8etgghlWbzJOLJrk8ZbQ,1008.0,Nuclear,22WTIHANG000241T,Belgium,TIHANGE 2,TIHANGE 2,1,MAW,PT1M,1,2023-01-31 18:30:00+01:00
2025-10-06 18:14:51+02:00,81,BE,Planned maintenance,A03,Cancelled,2023-01-11 18:30:00+01:00,F8PnUzg8xlqMBM7atdL-bA,268.0,Biomass,22WRODENH000213L,Belgium,RODENHUIZE 4,RODENHUIZE 4,1,MAW,PT1M,2,2023-01-11 15:00:00+01:00
2025-10-06 18:18:20+02:00,0,BE,Planned maintenance,A03,,2023-01-16 12:00:00+01:00,2k4qkzpAFnTSGjGWDA8mew,157.0,Fossil Gas,22WHERDER0001288,Belgium,HERDERSBRUG STEG,HERDERSBRUG GT1,1,MAW,PT1M,1,2023-01-16 08:00:00+01:00
2025-10-06 18:21:32+02:00,0,BE,Planned maintenance,A03,,2023-01-16 18:00:00+01:00,KDVaxjON4Ik6Ag_DlLDqYw,150.0,Fossil Gas,22WDROGEN0000863,Belgium,DROGENBOS TGV,DROGENBOS GT2,1,MAW,PT1M,2,2023-01-16 08:00:00+01:00
2025-10-06 18:21:32+02:00,0,BE,Planned maintenance,A03,,2023-01-16 18:00:00+01:00,FqaafblYomhYmHKsUhIn2g,160.0,Fossil Gas,22WDROGEN0000863,Belgium,DROGENBOS TGV,DROGENBOS ST,1,MAW,PT1M,2,2023-01-16 08:00:00+01:00
2025-10-06 18:21:32+02:00,0,BE,Planned maintenance,A03,,2023-01-16 18:00:00+01:00,6jaBYj9rZt0A12kjyPCQSQ,150.0,Fossil Gas,22WDROGEN0000863,Belgium,DROGENBOS TGV,DROGENBOS GT1,1,MAW,PT1M,2,2023-01-16 08:00:00+01:00
2025-10-06 18:23:14+02:00,97.5,BE,Planned maintenance,A03,Cancelled,2023-01-18 00:00:00+01:00,s8Q27vFAYcYQX6fkOXJG-Q,264.0,Fossil Gas,22W20181005PU--J,Belgium,VILVOORDE TGV,VILVOORDE GT,1,MAW,PT1M,5,2023-01-17 16:00:00+01:00
2025-10-06 18:23:14+02:00,52.5,BE,Planned maintenance,A03,Cancelled,2023-01-18 00:00:00+01:00,v_gWJA_SqcjrW5kMTD7dRA,121.0,Fossil Gas,22W20181005PU--J,Belgium,VILVOORDE TGV,VILVOORDE ST,1,MAW,PT1M,5,2023-01-17 16:00:00+01:00
2025-10-06 18:23:37+02:00,97.5,BE,Planned maintenance,A03,Cancelled,2023-01-18 08:00:00+01:00,j2E4gvAg-GNlS0-8z7x6RA,264.0,Fossil Gas,22W20181005PU--J,Belgium,VILVOORDE TGV,VILVOORDE GT,1,MAW,PT1M,2,2023-01-18 00:00:00+01:00
2025-10-06 18:23:37+02:00,52.5,BE,Planned maintenance,A03,Cancelled,2023-01-18 08:00:00+01:00,n9BdhS1GCMjkUXsQvlsYfQ,121.0,Fossil Gas,22W20181005PU--J,Belgium,VILVOORDE TGV,VILVOORDE ST,1,MAW,PT1M,2,2023-01-18 00:00:00+01:00
2025-10-06 18:23:37+02:00,0,BE,Planned maintenance,A03,Cancelled,2023-01-20 00:00:00+01:00,YpXbm0hQeqPdl__8Hvt3MA,264.0,Fossil Gas,22W20181005PU--J,Belgium,VILVOORDE TGV,VILVOORDE GT,1,MAW,PT1M,2,2023-01-18 08:00:00+01:00
2025-10-06 18:23:38+02:00,0,BE,Planned maintenance,A03,Cancelled,2023-01-20 00:00:00+01:00,zFh7ifHnDkYWbg4BYL5RNQ,121.0,Fossil Gas,22W20181005PU--J,Belgium,VILVOORDE TGV,VILVOORDE ST,1,MAW,PT1M,2,2023-01-18 08:00:00+01:00
2025-10-06 18:26:54+02:00,0,BE,Planned maintenance,A03,,2023-01-19 15:29:00+01:00,IPIvkdC2ogHmQ-pYhG_3DA,230.0,Hydro Pumped Storage,22WCOOXII000070C,Belgium,COO II T,COO 4 T,1,MAW,PT1M,2,2023-01-19 08:00:00+01:00
2025-10-06 18:27:09+02:00,214,BE,Planned maintenance,A03,,2023-01-20 05:00:00+01:00,A2tQ242WApQ0yHasLN8pxQ,386.0,Fossil Gas,22WSAINT-000221B,Belgium,SAINT-GHISLAIN STEG,SAINT-GHISLAIN STEG,1,MAW,PT1M,1,2023-01-19 20:00:00+01:00
2025-10-06 18:29:39+02:00,0,BE,Planned maintenance,A03,,2023-01-22 16:00:00+01:00,8cRhNEG1rEia0C7_KnNF5g,264.0,Fossil Gas,22W20181005PU--J,Belgium,VILVOORDE TGV,VILVOORDE GT,1,MAW,PT1M,2,2023-01-21 01:00:00+01:00
2025-10-06 18:29:39+02:00,0,BE,Planned maintenance,A03,,2023-01-22 16:00:00+01:00,JgQztNVYRo7v8LcLn4ZImA,121.0,Fossil Gas,22W20181005PU--J,Belgium,VILVOORDE TGV,VILVOORDE ST,1,MAW,PT1M,2,2023-01-21 01:00:00+01:00
2025-10-06 18:42:37+02:00,230.8,BE,Planned maintenance,A03,,2023-01-23 16:40:00+01:00,xCHpTVyoCwlPrOnevkTvSA,422.0,Fossil Gas,22WT-POWE000244W,Belgium,T-power Beringen,T-power Beringen,1,MAW,PT1M,5,2023-01-23 07:00:00+01:00
2025-10-06 18:49:20+02:00,150.8,BE,Planned maintenance,A03,,2023-01-25 13:15:00+01:00,l0EG0HDL-sQ3R8mNSaW6UQ,156.3,Fossil Gas,22WHERDER0001288,Belgium,HERDERSBRUG STEG,HERDERSBRUG GT2,1,MAW,PT1M,6,2023-01-25 08:00:00+01:00
2025-10-06 18:49:20+02:00,139.49,BE,Planned maintenance,A03,,2023-01-25 13:15:00+01:00,wLMcUqoPOMK6lySHIfvDWQ,167.0,Fossil Gas,22WHERDER0001288,Belgium,HERDERSBRUG STEG,HERDERSBRUG ST,1,MAW,PT1M,6,2023-01-25 08:00:00+01:00
2025-10-06 18:49:20+02:00,129.53,BE,Planned maintenance,A03,,2023-01-25 13:15:00+01:00,gBFxW15cQ6N3EHd1pWeq9Q,157.0,Fossil Gas,22WHERDER0001288,Belgium,HERDERSBRUG STEG,HERDERSBRUG GT1,1,MAW,PT1M,6,2023-01-25 08:00:00+01:00
2025-10-06 19:14:47+02:00,139.49,BE,Planned maintenance,A03,,2023-01-26 12:03:00+01:00,dFfuGYS2o0QbIIWVfeJITA,167.0,Fossil Gas,22WHERDER0001288,Belgium,HERDERSBRUG STEG,HERDERSBRUG ST,1,MAW,PT1M,6,2023-01-26 08:00:00+01:00
2025-10-06 19:14:47+02:00,129.53,BE,Planned maintenance,A03,,2023-01-26 12:03:00+01:00,2Nprk8bZOP3J6fgwRg2khg,156.3,Fossil Gas,22WHERDER0001288,Belgium,HERDERSBRUG STEG,HERDERSBRUG GT2,1,MAW,PT1M,6,2023-01-26 08:00:00+01:00
2025-10-06 19:14:47+02:00,150.8,BE,Planned maintenance,A03,,2023-01-26 12:03:00+01:00,deyPI-CRvVu5cW0XX2gByQ,157.0,Fossil Gas,22WHERDER0001288,Belgium,HERDERSBRUG STEG,HERDERSBRUG GT1,1,MAW,PT1M,6,2023-01-26 08:00:00+01:00
2025-10-06 19:19:00+02:00,0,BE,Planned maintenance,A03,Cancelled,2023-04-21 07:30:00+02:00,jvf3YhVdIaZNY-SqAYpu1A,422.0,Fossil Gas,22WT-POWE000244W,Belgium,T-power Beringen,T-power Beringen,1,MAW,PT1M,2,2023-04-16 07:30:00+02:00
2025-10-06 19:19:08+02:00,0,BE,Planned maintenance,A03,,2023-01-30 12:56:00+01:00,-XexTA4v43e4WXHWeUTmYA,158.0,Hydro Pumped Storage,22WCOOXIX000067T,Belgium,COO I T,COO 1 T,1,MAW,PT1M,2,2023-01-30 10:00:00+01:00
2025-10-06 19:19:41+02:00,0,BE,Planned maintenance,A03,,2023-02-01 14:00:00+01:00,0n46YdQuYPwDZV0SHY88eQ,158.0,Hydro Pumped Storage,22WCOOXIX000067T,Belgium,COO I T,COO 3 T,1,MAW,PT1M,1,2023-02-01 10:00:00+01:00
2025-10-06 19:20:40+02:00,290,BE,Planned maintenance,A03,,2023-02-01 01:59:00+01:00,JTPc4Fx9BB5HbxvWE893iA,315.0,Fossil Gas,22WZELZAT0002618,Belgium,Zelzate 2 Knippegroen,Zelzate 2 Knippegroen,1,MAW,PT1M,2,2023-01-31 12:36:00+01:00
2025-10-06 19:21:14+02:00,0,BE,Planned maintenance,A03,,2023-02-03 14:00:00+01:00,J5kGIsiSjmptQh9qY2zL3Q,157.0,Fossil Gas,22WHERDER0001288,Belgium,HERDERSBRUG STEG,HERDERSBRUG GT1,1,MAW,PT1M,1,2023-02-03 06:00:00+01:00
2025-10-06 19:21:14+02:00,0,BE,Planned maintenance,A03,Cancelled,2023-02-03 14:00:00+01:00,_n2V5fYbx8VnuoqxzIdOHw,167.0,Fossil Gas,22WHERDER0001288,Belgium,HERDERSBRUG STEG,HERDERSBRUG ST,1,MAW,PT1M,2,2023-02-03 06:00:00+01:00
2025-10-06 19:21:14+02:00,0,BE,Planned maintenance,A03,Cancelled,2023-02-03 14:00:00+01:00,2b8RRWQoiYRQwVZ2yw9Kjg,157.0,Fossil Gas,22WHERDER0001288,Belgium,HERDERSBRUG STEG,HERDERSBRUG GT1,1,MAW,PT1M,2,2023-02-03 06:00:00+01:00
2025-10-06 19:25:50+02:00,260,BE,Planned maintenance,A03,,2023-02-03 19:26:00+01:00,VKBIaFSC71OXeLIvukbwHg,315.0,Fossil Gas,22WZELZAT0002618,Belgium,Zelzate 2 Knippegroen,Zelzate 2 Knippegroen,1,MAW,PT1M,5,2023-02-01 02:00:00+01:00
2025-10-06 19:27:49+02:00,1036.29,BE,Planned maintenance,A03,,2023-04-22 00:00:00+02:00,T_fewkA8aOh6BW89SbL8Cg,1039.0,Nuclear,22WDOELX40000793,Belgium,DOEL 4,DOEL 4,1,MAW,PT1M,1,2023-03-09 00:00:00+01:00
2025-10-06 19:37:08+02:00,252,BE,Planned maintenance,A03,Cancelled,2023-02-09 02:30:00+01:00,BGZResHCx2wXoxR0gv4xdg,315.0,Fossil Gas,22WZELZAT0002618,Belgium,Zelzate 2 Knippegroen,Zelzate 2 Knippegroen,1,MAW,PT1M,2,2023-02-08 02:30:00+01:00
2025-10-06 19:37:55+02:00,380,BE,Planned maintenance,A03,Cancelled,2023-03-07 17:00:00+01:00,RydzpsLrdkJmXZ-wO_jCaw,386.0,Fossil Gas,22WSAINT-000221B,Belgium,SAINT-GHISLAIN STEG,SAINT-GHISLAIN STEG,1,MAW,PT1M,2,2023-03-07 06:00:00+01:00
2025-10-06 19:40:28+02:00,0,BE,Planned maintenance,A03,,2023-02-12 16:00:00+01:00,OlM2-ue1WEl683RW6d5-pQ,264.0,Fossil Gas,22W20181005PU--J,Belgium,VILVOORDE TGV,VILVOORDE GT,1,MAW,PT1M,1,2023-02-10 12:00:00+01:00
2025-10-06 19:40:28+02:00,0,BE,Planned maintenance,A03,,2023-02-12 16:00:00+01:00,EDFqZfQXqlAtEfq9DmNPHQ,121.0,Fossil Gas,22W20181005PU--J,Belgium,VILVOORDE TGV,VILVOORDE ST,1,MAW,PT1M,1,2023-02-10 12:00:00+01:00
2025-10-06 19:42:56+02:00,80.1,BE,Planned maintenance,A03,,2023-02-12 16:00:00+01:00,b7uSnZwz-puB3uPdR3vteA,268.0,Biomass,22WRODENH000213L,Belgium,RODENHUIZE 4,RODENHUIZE 4,1,MAW,PT1M,2,2023-02-12 12:00:00+01:00
2025-10-06 19:46:16+02:00,0,BE,Planned maintenance,A03,,2023-02-22 13:30:00+01:00,KO6-ZLf6DCVcc8XPu5fKNg,230.0,Hydro Pumped Storage,22WCOOXII000070C,Belgium,COO II T,COO 4 T,1,MAW,PT1M,1,2023-02-22 12:00:00+01:00
2025-10-06 19:46:16+02:00,0,BE,Planned maintenance,A03,,2023-02-22 13:30:00+01:00,QiPH0ZHaZfcFbGg0qR1ICA,230.0,Hydro Pumped Storage,22WCOOXII000070C,Belgium,COO II T,COO 6 T,1,MAW,PT1M,1,2023-02-22 12:00:00+01:00
2025-10-06 19:46:55+02:00,0,BE,Planned maintenance,A03,,2023-02-19 16:00:00+01:00,FM1E96xU22kShX3A4_FsjA,121.0,Fossil Gas,22W20181005PU--J,Belgium,VILVOORDE TGV,VILVOORDE ST,1,MAW,PT1M,1,2023-02-15 22:00:00+01:00
2025-10-06 19:46:55+02:00,0,BE,Planned maintenance,A03,,2023-02-19 16:00:00+01:00,aUcEhXSy8HTbe4DbDiR5jQ,264.0,Fossil Gas,22W20181005PU--J,Belgium,VILVOORDE TGV,VILVOORDE GT,1,MAW,PT1M,1,2023-02-15 22:00:00+01:00
2025-10-06 20:00:59+02:00,0,BE,Planned maintenance,A03,,2023-02-17 15:00:00+01:00,c1VLmPCKPK6dJDPADi-gFg,230.0,Hydro Pumped Storage,22WCOOXII000070C,Belgium,COO II T,COO 5 T,1,MAW,PT1M,1,2023-02-17 12:30:00+01:00
2025-10-06 20:01:40+02:00,0,BE,Planned maintenance,A03,Cancelled,2023-03-03 16:00:00+01:00,9FdvAzDSMi44f9LCBqTy2w,264.0,Fossil Gas,22W20181005PU--J,Belgium,VILVOORDE TGV,VILVOORDE GT,1,MAW,PT1M,3,2023-03-01 08:00:00+01:00
2025-10-06 20:02:57+02:00,240,BE,Planned maintenance,A03,,2023-02-20 02:00:00+01:00,pXsekqSuUNpqulIfoDOFpw,315.0,Fossil Gas,22WZELZAT0002618,Belgium,Zelzate 2 Knippegroen,Zelzate 2 Knippegroen,1,MAW,PT1M,1,2023-02-19 14:00:00+01:00
2025-10-06 20:03:27+02:00,200,BE,Planned maintenance,A03,,2023-02-20 08:30:00+01:00,a2B84ZJAzdde-jMA0024Dg,268.0,Biomass,22WRODENH000213L,Belgium,RODENHUIZE 4,RODENHUIZE 4,1,MAW,PT1M,3,2023-02-20 02:30:00+01:00
2025-10-06 20:03:59+02:00,260,BE,Planned maintenance,A03,,2023-02-22 20:00:00+01:00,-8-AZT47ZsnuQh3WtcmYMQ,315.0,Fossil Gas,22WZELZAT0002618,Belgium,Zelzate 2 Knippegroen,Zelzate 2 Knippegroen,1,MAW,PT1M,1,2023-02-22 03:00:00+01:00
2025-10-06 20:03:59+02:00,250,BE,Planned maintenance,A03,,2023-02-20 18:30:00+01:00,n0unq3fHSH4hnWSiM7xVKA,315.0,Fossil Gas,22WZELZAT0002618,Belgium,Zelzate 2 Knippegroen,Zelzate 2 Knippegroen,1,MAW,PT1M,1,2023-02-20 13:30:00+01:00
2025-10-06 20:05:09+02:00,0,BE,Planned maintenance,A03,,2023-02-25 16:00:00+01:00,IBH8U_Zn_oqDUi6OlS5YrQ,386.0,Fossil Gas,22WSAINT-000221B,Belgium,SAINT-GHISLAIN STEG,SAINT-GHISLAIN STEG,1,MAW,PT1M,1,2023-02-25 08:00:00+01:00
2025-10-06 20:05:16+02:00,151.98,BE,Planned maintenance,A03,Cancelled,2023-02-21 16:00:00+01:00,kr6KnZovFB6-a2EibKd3bQ,160.0,Fossil Gas,22WDROGEN0000863,Belgium,DROGENBOS TGV,DROGENBOS ST,1,MAW,PT1M,4,2023-02-21 08:00:00+01:00
2025-10-06 20:05:16+02:00,141.12,BE,Planned maintenance,A03,Cancelled,2023-02-21 16:00:00+01:00,nGBt7mQsghxLp6Mdi0ex6A,150.0,Fossil Gas,22WDROGEN0000863,Belgium,DROGENBOS TGV,DROGENBOS GT1,1,MAW,PT1M,4,2023-02-21 08:00:00+01:00
2025-10-06 20:05:16+02:00,141.12,BE,Planned maintenance,A03,Cancelled,2023-02-21 16:00:00+01:00,vJ9V3LJwrsmlNBvgSHi8dQ,150.0,Fossil Gas,22WDROGEN0000863,Belgium,DROGENBOS TGV,DROGENBOS GT2,1,MAW,PT1M,4,2023-02-21 08:00:00+01:00
2025-10-06 20:07:05+02:00,0,BE,Planned maintenance,A03,,2023-02-22 15:28:00+01:00,2PGNmvs5b5pmB0MhY4m92w,230.0,Hydro Pumped Storage,22WCOOXII000070C,Belgium,COO II T,COO 5 T,1,MAW,PT1M,3,2023-02-22 10:00:00+01:00
2025-10-06 20:08:42+02:00,0,BE,Planned maintenance,A03,,2023-03-20 20:00:00+01:00,iIbdun8gOGfiS6AkkPZjrg,150.0,Fossil Gas,22W201806271---D,Belgium,EDF Luminus Seraing TGV,EDF Luminus Seraing GT1,1,MAW,PT1M,2,2023-03-20 00:00:00+01:00
2025-10-06 20:09:30+02:00,0,BE,Planned maintenance,A03,,2023-02-26 16:00:00+01:00,vdDlLKebiv8Bp6p0DPe48Q,264.0,Fossil Gas,22W20181005PU--J,Belgium,VILVOORDE TGV,VILVOORDE GT,1,MAW,PT1M,1,2023-02-24 14:00:00+01:00
2025-10-06 20:09:30+02:00,0,BE,Planned maintenance,A03,,2023-02-26 16:00:00+01:00,nJEGwFqUnLMaWh1KHRs7tw,121.0,Fossil Gas,22W20181005PU--J,Belgium,VILVOORDE TGV,VILVOORDE ST,1,MAW,PT1M,1,2023-02-24 14:00:00+01:00
2025-10-06 20:11:47+02:00,198.25,BE,Planned maintenance,A03,Cancelled,2023-02-27 08:30:00+01:00,ZgD2uy1Th8pOJ21rgEI7Tw,264.0,Fossil Gas,22W20181005PU--J,Belgium,VILVOORDE TGV,VILVOORDE GT,1,MAW,PT1M,2,2023-02-27 03:00:00+01:00
2025-10-06 20:11:47+02:00,106.75,BE,Planned maintenance,A03,Cancelled,2023-02-27 08:30:00+01:00,HFDCetXMrJlKZxGBq9rcWQ,121.0,Fossil Gas,22W20181005PU--J,Belgium,VILVOORDE TGV,VILVOORDE ST,1,MAW,PT1M,2,2023-02-27 03:00:00+01:00
2025-10-06 20:12:12+02:00,198.25,BE,Planned maintenance,A03,Cancelled,2023-02-28 05:30:00+01:00,21qbCgOkh9lZV8wH2eIivw,264.0,Fossil Gas,22W20181005PU--J,Belgium,VILVOORDE TGV,VILVOORDE GT,1,MAW,PT1M,2,2023-02-28 00:00:00+01:00
2025-10-06 20:12:12+02:00,106.75,BE,Planned maintenance,A03,Cancelled,2023-02-28 05:30:00+01:00,OXyzVtwLsBP_WdJW2AQ2dQ,121.0,Fossil Gas,22W20181005PU--J,Belgium,VILVOORDE TGV,VILVOORDE ST,1,MAW,PT1M,2,2023-02-28 00:00:00+01:00
2025-10-06 20:12:30+02:00,220,BE,Planned maintenance,A03,,2023-03-03 14:00:00+01:00,vbqNSAVmvh_lYFV9Oyg8mw,268.0,Biomass,22WRODENH000213L,Belgium,RODENHUIZE 4,RODENHUIZE 4,1,MAW,PT1M,1,2023-03-03 00:00:00+01:00
2025-10-06 20:12:35+02:00,380,BE,Planned maintenance,A03,,2023-02-27 16:00:00+01:00,rBJ0jjP2w9EgYQl9tG9zTw,386.0,Fossil Gas,22WSAINT-000221B,Belgium,SAINT-GHISLAIN STEG,SAINT-GHISLAIN STEG,1,MAW,PT1M,3,2023-02-27 13:30:00+01:00
2025-10-06 20:14:54+02:00,0,BE,Planned maintenance,A03,,2023-03-02 17:00:00+01:00,5B4UcG-Ivhm05vVkLmtCPw,413.0,Fossil Gas,22WMARCIN000179H,Belgium,Marcinelle Energie (Carsid),Marcinelle Energie (Carsid),1,MAW,PT1M,1,2023-03-02 04:00:00+01:00
2025-10-06 20:23:01+02:00,0,BE,Planned maintenance,A03,Cancelled,2023-05-15 14:00:00+02:00,lRPhgTvybywkfYEWbo8kLg,268.0,Biomass,22WRODENH000213L,Belgium,RODENHUIZE 4,RODENHUIZE 4,1,MAW,PT1M,2,2023-03-03 14:00:00+01:00
2025-10-06 20:23:38+02:00,0,BE,Planned maintenance,A03,,2023-03-05 16:00:00+01:00,wv1TUnpSW7aWrBc6ii9rrA,264.0,Fossil Gas,22W20181005PU--J,Belgium,VILVOORDE TGV,VILVOORDE GT,1,MAW,PT1M,2,2023-03-03 22:00:00+01:00
2025-10-06 20:23:38+02:00,0,BE,Planned maintenance,A03,,2023-03-05 16:00:00+01:00,eNJSmcsUhiIrRduNQbf7Rw,121.0,Fossil Gas,22W20181005PU--J,Belgium,VILVOORDE TGV,VILVOORDE ST,1,MAW,PT1M,2,2023-03-03 22:00:00+01:00
2025-10-06 20:23:46+02:00,260,BE,Planned maintenance,A03,,2023-03-04 11:00:00+01:00,2q3PQ-54KtgRdi2zNhBiNw,315.0,Fossil Gas,22WZELZAT0002618,Belgium,Zelzate 2 Knippegroen,Zelzate 2 Knippegroen,1,MAW,PT1M,1,2023-03-04 07:00:00+01:00
2025-10-06 20:23:46+02:00,220,BE,Planned maintenance,A03,Cancelled,2023-03-04 10:59:00+01:00,lsw3tS6pWoTBu3cWviXzqw,315.0,Fossil Gas,22WZELZAT0002618,Belgium,Zelzate 2 Knippegroen,Zelzate 2 Knippegroen,1,MAW,PT1M,2,2023-03-03 22:00:00+01:00
2025-10-06 20:25:44+02:00,170,BE,Planned maintenance,A03,,2023-03-06 04:00:00+01:00,SJUQxPCQeqNla16_J6iqiQ,268.0,Biomass,22WRODENH000213L,Belgium,RODENHUIZE 4,RODENHUIZE 4,1,MAW,PT1M,1,2023-03-06 00:00:00+01:00
2025-10-06 20:25:51+02:00,0,BE,Planned maintenance,A03,Cancelled,2023-03-06 03:00:00+01:00,3ySPdRYvs9uzyOsgNn9qXw,315.0,Fossil Gas,22WZELZAT0002618,Belgium,Zelzate 2 Knippegroen,Zelzate 2 Knippegroen,1,MAW,PT1M,8,2023-03-04 11:31:00+01:00
2025-10-06 20:25:54+02:00,470,BE,Planned maintenance,A03,,2023-03-10 23:59:00+01:00,96eNNvjmKh9Lf7FNIh2rmw,481.0,Nuclear,22WTIHANG000240V,Belgium,TIHANGE 1S,TIHANGE 1S,1,MAW,PT1M,3,2023-03-06 01:00:00+01:00
2025-10-06 20:25:55+02:00,0,BE,Planned maintenance,A03,Cancelled,2023-05-15 14:00:00+02:00,GshrhZrOg2yZgtcfyBL4KQ,268.0,Biomass,22WRODENH000213L,Belgium,RODENHUIZE 4,RODENHUIZE 4,1,MAW,PT1M,2,2023-03-07 00:00:00+01:00
2025-10-06 20:25:56+02:00,0,BE,Planned maintenance,A03,Cancelled,2023-05-15 00:00:00+02:00,U34SGx2xFvAM-D_NbIz1sw,268.0,Biomass,22WRODENH000213L,Belgium,RODENHUIZE 4,RODENHUIZE 4,1,MAW,PT1M,2,2023-04-03 00:00:00+02:00
2025-10-06 20:25:56+02:00,0,BE,Planned maintenance,A03,Cancelled,2023-05-15 14:00:00+02:00,BQhwDgPa4Kt3FmAqD6X3bw,268.0,Biomass,22WRODENH000213L,Belgium,RODENHUIZE 4,RODENHUIZE 4,1,MAW,PT1M,7,2023-03-06 04:00:00+01:00
2025-10-06 20:26:10+02:00,0,BE,Planned maintenance,A03,Cancelled,2023-05-15 14:00:00+02:00,DjYax2tMa_VNWhamtwvVYg,268.0,Biomass,22WRODENH000213L,Belgium,RODENHUIZE 4,RODENHUIZE 4,1,MAW,PT1M,2,2023-03-06 23:59:00+01:00
2025-10-06 20:26:46+02:00,180,BE,Planned maintenance,A03,,2023-03-06 14:10:00+01:00,E4YLmzEVcMVnG3uZFC2mRA,315.0,Fossil Gas,22WZELZAT0002618,Belgium,Zelzate 2 Knippegroen,Zelzate 2 Knippegroen,1,MAW,PT1M,2,2023-03-06 13:10:00+01:00
2025-10-06 20:29:17+02:00,101,BE,Planned maintenance,A03,,2023-03-07 21:47:00+01:00,0J-2nb3orfUCCaJV5YpkAA,230.0,Hydro Pumped Storage,22WCOOXII000070C,Belgium,COO II T,COO 6 T,1,MAW,PT1M,2,2023-03-07 21:00:00+01:00
2025-10-06 20:29:17+02:00,0,BE,Planned maintenance,A03,,2023-03-07 21:45:00+01:00,w9XmAHYLdYHD39u0UR5OPg,230.0,Hydro Pumped Storage,22WCOOXII000070C,Belgium,COO II T,COO 4 T,1,MAW,PT1M,2,2023-03-07 21:00:00+01:00
2025-10-06 20:29:21+02:00,0,BE,Planned maintenance,A03,,2023-03-07 22:59:00+01:00,9kN6c7bT8Bpnz_exJ6eZvQ,230.0,Hydro Pumped Storage,22WCOOXII000070C,Belgium,COO II T,COO 6 T,1,MAW,PT1M,4,2023-03-07 21:47:00+01:00
2025-10-06 20:29:21+02:00,0,BE,Planned maintenance,A03,,2023-03-07 22:59:00+01:00,eH_l6NG9BnlsvpG1__gIDQ,230.0,Hydro Pumped Storage,22WCOOXII000070C,Belgium,COO II T,COO 5 T,1,MAW,PT1M,2,2023-03-07 21:00:00+01:00
2025-10-06 20:30:42+02:00,0,BE,Planned maintenance,A03,,2023-03-12 15:00:00+01:00,fJ87G6l_kGp60SbCd-8svA,121.0,Fossil Gas,22W20181005PU--J,Belgium,VILVOORDE TGV,VILVOORDE ST,1,MAW,PT1M,1,2023-03-09 00:30:00+01:00
2025-10-06 20:30:42+02:00,0,BE,Planned maintenance,A03,,2023-03-12 15:00:00+01:00,tANxzhkzfnEcGHgreuYHCQ,264.0,Fossil Gas,22W20181005PU--J,Belgium,VILVOORDE TGV,VILVOORDE GT,1,MAW,PT1M,1,2023-03-09 00:30:00+01:00
2025-10-06 20:31:12+02:00,0,BE,Planned maintenance,A03,Cancelled,2023-03-09 23:00:00+01:00,ab4mpyk4vvOFr_7ZNs29Vw,160.0,Fossil Gas,22WDROGEN0000863,Belgium,DROGENBOS TGV,DROGENBOS ST,1,MAW,PT1M,2,2023-03-09 22:00:00+01:00
2025-10-06 20:31:13+02:00,0,BE,Planned maintenance,A03,Cancelled,2023-03-09 23:00:00+01:00,u4WmP6DUyT58-VZGd8ycFw,150.0,Fossil Gas,22WDROGEN0000863,Belgium,DROGENBOS TGV,DROGENBOS GT1,1,MAW,PT1M,2,2023-03-09 22:00:00+01:00
2025-10-06 20:31:13+02:00,0,BE,Planned maintenance,A03,Cancelled,2023-03-09 23:00:00+01:00,INfgojqtxKLdc8DMCdAoug,150.0,Fossil Gas,22WDROGEN0000863,Belgium,DROGENBOS TGV,DROGENBOS GT2,1,MAW,PT1M,2,2023-03-09 22:00:00+01:00
2025-10-06 20:33:10+02:00,414,BE,Planned maintenance,A03,,2023-03-18 00:00:00+01:00,dnO89SVnhwDHdVCA5NzcLg,445.0,Nuclear,22WDOELX2000077N,Belgium,DOEL 2,DOEL 2,1,MAW,PT1M,1,2023-03-17 15:00:00+01:00
2025-10-06 20:34:11+02:00,0,BE,Planned maintenance,A03,,2023-03-10 16:57:00+01:00,jBQjFOeunTNFURvMU5aLpQ,162.0,Fossil Gas,22WAMERCO000010Y,Belgium,Amercoeur 1 R TGV,Amercoeur 1 R ST,1,MAW,PT1M,6,2023-03-04 07:00:00+01:00
2025-10-06 20:34:11+02:00,0,BE,Planned maintenance,A03,,2023-03-10 16:57:00+01:00,tjnSbVMcxiArKe1Gfas3CA,289.0,Fossil Gas,22WAMERCO000010Y,Belgium,Amercoeur 1 R TGV,Amercoeur 1 R GT,1,MAW,PT1M,6,2023-03-04 07:00:00+01:00
2025-10-06 20:38:42+02:00,0,BE,Planned maintenance,A03,,2023-03-14 07:51:00+01:00,_XD98aXsYvbTRqqs6OdKkA,289.0,Fossil Gas,22WAMERCO000010Y,Belgium,Amercoeur 1 R TGV,Amercoeur 1 R GT,1,MAW,PT1M,2,2023-03-14 02:30:00+01:00
2025-10-06 20:38:42+02:00,0,BE,Planned maintenance,A03,,2023-03-14 07:51:00+01:00,6nSZStW1DggPm4EEZzKTIg,162.0,Fossil Gas,22WAMERCO000010Y,Belgium,Amercoeur 1 R TGV,Amercoeur 1 R ST,1,MAW,PT1M,2,2023-03-14 02:30:00+01:00
2025-10-06 20:39:28+02:00,0,BE,Planned maintenance,A03,,2023-03-14 15:11:00+01:00,eief19AwbC_DYUsTr6DUcA,230.0,Hydro Pumped Storage,22WCOOXII000070C,Belgium,COO II T,COO 6 T,1,MAW,PT1M,2,2023-03-14 13:00:00+01:00
2025-10-06 20:39:28+02:00,0,BE,Planned maintenance,A03,,2023-03-14 15:11:00+01:00,4m9L83SduYZM_IeQatSB6g,230.0,Hydro Pumped Storage,22WCOOXII000070C,Belgium,COO II T,COO 5 T,1,MAW,PT1M,2,2023-03-14 13:00:00+01:00
2025-10-06 20:39:28+02:00,0,BE,Planned maintenance,A03,,2023-03-14 15:10:00+01:00,Xs_HDCKF4vuI93TiyQh4HQ,230.0,Hydro Pumped Storage,22WCOOXII000070C,Belgium,COO II T,COO 4 T,1,MAW,PT1M,2,2023-03-14 13:00:00+01:00
2025-10-06 20:42:57+02:00,0,BE,Planned maintenance,A03,,2023-03-21 16:00:00+01:00,arcDgJysyBqTE6Q3rCuEgg,167.0,Fossil Gas,22WHERDER0001288,Belgium,HERDERSBRUG STEG,HERDERSBRUG ST,1,MAW,PT1M,1,2023-03-21 08:00:00+01:00
2025-10-06 20:48:47+02:00,0,BE,Planned maintenance,A03,,2023-03-24 16:00:00+01:00,7a6fNYw8dZWXXhQsAUl9qg,386.0,Fossil Gas,22WSAINT-000221B,Belgium,SAINT-GHISLAIN STEG,SAINT-GHISLAIN STEG,1,MAW,PT1M,1,2023-03-23 00:00:00+01:00
2025-10-06 20:49:20+02:00,0,BE,Planned maintenance,A03,,2023-03-21 17:00:00+01:00,Z8cjNqCZfRG9Yhcs07-1HQ,150.0,Fossil Gas,22W201806271---D,Belgium,EDF Luminus Seraing TGV,EDF Luminus Seraing GT2,1,MAW,PT1M,2,2023-03-21 00:00:00+01:00
2025-10-06 20:55:31+02:00,0,BE,Planned maintenance,A03,,2023-03-24 14:00:00+01:00,iXxzrbWV3diPUxURlOZDEg,140.0,Fossil Gas,22WSCHELD0002261,Belgium,Scheldelaan Exxonmobil,Scheldelaan Exxonmobil,1,MAW,PT1M,5,2023-03-11 11:00:00+01:00
2025-10-06 21:03:28+02:00,0,BE,Planned maintenance,A03,,2023-04-12 12:00:00+02:00,L5iHRsh4rhaWL5qiM6bFgw,158.0,Hydro Pumped Storage,22WCOOXIX000067T,Belgium,COO I T,COO 1 T,1,MAW,PT1M,1,2023-04-12 11:30:00+02:00
2025-10-06 21:04:29+02:00,0,BE,Planned maintenance,A03,,2023-03-29 11:09:00+02:00,nY-EGxNuYMta-HxaQ4QKpA,158.0,Hydro Pumped Storage,22WCOOXIX000067T,Belgium,COO I T,COO 1 T,1,MAW,PT1M,2,2023-03-29 10:00:00+02:00
2025-10-06 21:13:17+02:00,82.77,BE,Planned maintenance,A03,Cancelled,2023-05-03 14:00:00+02:00,RrA_-6MTkWX8XP7TGdVRPA,167.0,Fossil Gas,22WHERDER0001288,Belgium,HERDERSBRUG STEG,HERDERSBRUG ST,1,MAW,PT1M,2,2023-05-03 06:00:00+02:00
2025-10-06 21:13:17+02:00,0,BE,Planned maintenance,A03,Cancelled,2023-05-03 14:00:00+02:00,7c8TOQg3gOdyEPA4k7HzzQ,157.0,Fossil Gas,22WHERDER0001288,Belgium,HERDERSBRUG STEG,HERDERSBRUG GT1,1,MAW,PT1M,2,2023-05-03 06:00:00+02:00
2025-10-06 21:15:18+02:00,0,BE,Planned maintenance,A03,,2023-04-05 16:00:00+02:00,3aWcNCBM6ezXRDPznWBmKQ,171.0,Wind Offshore,22WBELWIN0000271,Belgium,Belwind Phase 1,Belwind Phase 1,1,MAW,PT1M,3,2023-04-05 07:07:00+02:00
2025-10-06 21:18:42+02:00,0,BE,Planned maintenance,A03,,2023-04-08 18:15:00+02:00,AhsQQIR_DpMLdG_gVVumqw,158.0,Hydro Pumped Storage,22WCOOXIX000067T,Belgium,COO I T,COO 1 T,1,MAW,PT1M,2,2023-04-08 08:00:00+02:00
2025-10-06 21:20:12+02:00,0,BE,Planned maintenance,A03,,2023-04-10 15:13:00+02:00,LF-cnmfodwcNzJ6ej8kUPw,158.0,Hydro Pumped Storage,22WCOOXIX000067T,Belgium,COO I T,COO 1 T,1,MAW,PT1M,2,2023-04-10 08:00:00+02:00
2025-10-06 21:21:11+02:00,0,BE,Planned maintenance,A03,,2023-04-11 11:29:00+02:00,iw1J4aIGJLVyEvyxfNFOiw,158.0,Hydro Pumped Storage,22WCOOXIX000067T,Belgium,COO I T,COO 1 T,1,MAW,PT1M,3,2023-04-11 10:00:00+02:00
2025-10-06 21:21:18+02:00,0,BE,Planned maintenance,A03,Cancelled,2023-04-13 00:00:00+02:00,_44n0vGRK7LPGd3xqPQwug,158.0,Hydro Pumped Storage,22WCOOXIX000067T,Belgium,COO I T,COO 1 T,1,MAW,PT1M,2,2023-04-12 14:00:00+02:00
2025-10-06 21:21:18+02:00,0,BE,Planned maintenance,A03,Cancelled,2023-04-13 12:00:00+02:00,jZZIAgSghz_QXKYOF0W6bA,158.0,Hydro Pumped Storage,22WCOOXIX000067T,Belgium,COO I T,COO 1 T,1,MAW,PT1M,2,2023-04-13 08:00:00+02:00
2025-10-06 21:21:19+02:00,0,BE,Planned maintenance,A03,,2023-04-12 14:30:00+02:00,VuRp6ouh8iAwSNCTTTMPHA,158.0,Hydro Pumped Storage,22WCOOXIX000067T,Belgium,COO I T,COO 2 T,1,MAW,PT1M,2,2023-04-12 11:00:00+02:00
2025-10-06 21:21:19+02:00,0,BE,Planned maintenance,A03,,2023-04-12 14:30:00+02:00,hNL3hdH8rjGry4T_eqqmGQ,158.0,Hydro Pumped Storage,22WCOOXIX000067T,Belgium,COO I T,COO 3 T,1,MAW,PT1M,2,2023-04-12 11:00:00+02:00
2025-10-06 21:22:44+02:00,272,BE,Planned maintenance,A03,,2023-04-06 18:00:00+02:00,K4tjaSWS8NOHJQLUXQwhtQ,307.0,Wind Offshore,22W20180628----H,Belgium,Rentel Offshore WP,Rentel Offshore WP,1,MAW,PT1M,1,2023-04-06 07:00:00+02:00
2025-10-06 21:24:21+02:00,0,BE,Planned maintenance,A03,,2023-04-13 17:00:00+02:00,ykziNnkWLzHXwL3EtB3WiA,158.0,Hydro Pumped Storage,22WCOOXIX000067T,Belgium,COO I T,COO 1 T,1,MAW,PT1M,2,2023-04-12 14:30:00+02:00
2025-10-06 21:25:47+02:00,0,BE,Planned maintenance,A03,,2023-04-17 16:00:00+02:00,IYiTRRovmk_Z9ErcAyMb3Q,230.0,Hydro Pumped Storage,22WCOOXII000070C,Belgium,COO II T,COO 6 T,1,MAW,PT1M,1,2023-04-17 12:00:00+02:00
2025-10-06 21:26:15+02:00,443.3,BE,Planned maintenance,A03,Cancelled,2023-04-16 09:00:00+02:00,nhmgIE_iSSUIi6CpnXe4Ng,445.0,Nuclear,22WDOELX2000077N,Belgium,DOEL 2,DOEL 2,1,MAW,PT1M,2,2023-04-14 23:00:00+02:00
2025-10-06 21:26:21+02:00,0,BE,Planned maintenance,A03,,2023-04-19 00:00:00+02:00,S7Pi72b_DK5gb0jD6_Ui-g,386.2,Fossil Gas,22WZANDVL000255D,Belgium,Zandvliet Power,Zandvliet Power,1,MAW,PT1M,2,2023-04-15 01:00:00+02:00
2025-10-06 21:26:25+02:00,0,BE,Planned maintenance,A03,,2023-04-14 17:29:00+02:00,DJmFVEv5sqgzyMZjjMgPSQ,445.0,Nuclear,22WDOELX2000077N,Belgium,DOEL 2,DOEL 2,1,MAW,PT1M,5,2023-03-18 00:00:00+01:00
2025-10-06 21:26:25+02:00,443.3,BE,Planned maintenance,A03,Cancelled,2023-04-16 09:00:00+02:00,eLdO0xJCPzyQTQKaPRu8Sw,445.0,Nuclear,22WDOELX2000077N,Belgium,DOEL 2,DOEL 2,1,MAW,PT1M,2,2023-04-14 23:00:00+02:00
2025-10-06 21:28:17+02:00,0,BE,Planned maintenance,A03,Cancelled,2023-05-03 14:00:00+02:00,CVlPJcd4KveRG0MmzHwINw,157.0,Fossil Gas,22WHERDER0001288,Belgium,HERDERSBRUG STEG,HERDERSBRUG GT1,1,MAW,PT1M,2,2023-05-03 06:00:00+02:00
2025-10-06 21:28:17+02:00,0,BE,Planned maintenance,A03,Cancelled,2023-05-03 14:00:00+02:00,6p9VzV2dJ6z_ClO5ULnWSA,167.0,Fossil Gas,22WHERDER0001288,Belgium,HERDERSBRUG STEG,HERDERSBRUG ST,1,MAW,PT1M,2,2023-05-03 06:00:00+02:00
2025-10-06 21:28:17+02:00,0,BE,Planned maintenance,A03,,2023-05-02 14:00:00+02:00,xV6MEDV7aOuGNYoGKtErmg,157.0,Fossil Gas,22WHERDER0001288,Belgium,HERDERSBRUG STEG,HERDERSBRUG GT1,1,MAW,PT1M,1,2023-05-02 06:00:00+02:00
2025-10-06 21:28:17+02:00,0,BE,Planned maintenance,A03,,2023-05-02 14:00:00+02:00,vRoG3FYaLOn028kWs0vaCA,156.3,Fossil Gas,22WHERDER0001288,Belgium,HERDERSBRUG STEG,HERDERSBRUG GT2,1,MAW,PT1M,1,2023-05-02 06:00:00+02:00
2025-10-06 21:28:17+02:00,0,BE,Planned maintenance,A03,,2023-05-02 14:00:00+02:00,g7R3xZYS4BnOceZe22QhKA,167.0,Fossil Gas,22WHERDER0001288,Belgium,HERDERSBRUG STEG,HERDERSBRUG ST,1,MAW,PT1M,1,2023-05-02 06:00:00+02:00
2025-10-06 21:28:17+02:00,0,BE,Planned maintenance,A03,Cancelled,2023-05-03 14:00:00+02:00,8ov4i7ZIGFy8PeBlf5VjLQ,156.3,Fossil Gas,22WHERDER0001288,Belgium,HERDERSBRUG STEG,HERDERSBRUG GT2,1,MAW,PT1M,2,2023-05-03 06:00:00+02:00
2025-10-06 21:30:10+02:00,0,BE,Planned maintenance,A03,,2023-04-25 18:00:00+02:00,MWwjUf9XqMGwn210YRE9kQ,160.0,Fossil Gas,22WDROGEN0000863,Belgium,DROGENBOS TGV,DROGENBOS ST,1,MAW,PT1M,1,2023-04-25 06:00:00+02:00
2025-10-06 21:30:10+02:00,0,BE,Planned maintenance,A03,,2023-04-25 18:00:00+02:00,u_hZQbMc4AzbOvwXYmEjYw,150.0,Fossil Gas,22WDROGEN0000863,Belgium,DROGENBOS TGV,DROGENBOS GT1,1,MAW,PT1M,1,2023-04-25 06:00:00+02:00
2025-10-06 21:31:33+02:00,0,BE,Planned maintenance,A03,Cancelled,2023-04-20 12:00:00+02:00,qAvOownIevQJsAAEbvJcDg,230.0,Hydro Pumped Storage,22WCOOXII000070C,Belgium,COO II T,COO 5 T,1,MAW,PT1M,2,2023-04-20 08:00:00+02:00
2025-10-06 21:31:40+02:00,0,BE,Planned maintenance,A03,,2023-04-19 16:58:00+02:00,Gg5IFi2gR8VwEn0VMU1ZvQ,158.0,Hydro Pumped Storage,22WCOOXIX000067T,Belgium,COO I T,COO 1 T,1,MAW,PT1M,3,2023-04-19 15:40:00+02:00
2025-10-06 21:32:11+02:00,0,BE,Planned maintenance,A03,Cancelled,2023-05-14 18:00:00+02:00,3uUQDg7r3XDg4vD32M35KA,158.0,Hydro Pumped Storage,22WCOOXIX000067T,Belgium,COO I T,COO 3 T,1,MAW,PT1M,2,2023-05-08 08:00:00+02:00
2025-10-06 21:32:11+02:00,0,BE,Planned maintenance,A03,Cancelled,2023-05-14 18:00:00+02:00,IC8WWeFr9BGzu9AMuaTOIg,158.0,Hydro Pumped Storage,22WCOOXIX000067T,Belgium,COO I T,COO 2 T,1,MAW,PT1M,2,2023-05-08 08:00:00+02:00
2025-10-06 21:36:43+02:00,0,BE,Planned maintenance,A03,,2023-04-25 18:00:00+02:00,vRTt0Y9qXxBoVdkyHCbCCw,150.0,Fossil Gas,22WDROGEN0000863,Belgium,DROGENBOS TGV,DROGENBOS GT2,1,MAW,PT1M,2,2023-04-25 06:00:00+02:00
2025-10-06 21:38:03+02:00,120,BE,Planned maintenance,A03,,2023-04-26 06:00:00+02:00,Yxn-SWyoCAE-xOVoEwLoRw,315.0,Fossil Gas,22WZELZAT0002618,Belgium,Zelzate 2 Knippegroen,Zelzate 2 Knippegroen,1,MAW,PT1M,2,2023-04-26 03:00:00+02:00
2025-10-06 21:38:03+02:00,260,BE,Planned maintenance,A03,,2023-04-26 03:00:00+02:00,yJvQ7_7bE6jQ1jVv8t7k4g,315.0,Fossil Gas,22WZELZAT0002618,Belgium,Zelzate 2 Knippegroen,Zelzate 2 Knippegroen,1,MAW,PT1M,3,2023-04-26 01:00:00+02:00
2025-10-06 21:38:05+02:00,260,BE,Planned maintenance,A03,,2023-04-27 03:00:00+02:00,YiDNy1jxLY_6HQJcQU0v3A,315.0,Fossil Gas,22WZELZAT0002618,Belgium,Zelzate 2 Knippegroen,Zelzate 2 Knippegroen,1,MAW,PT1M,2,2023-04-26 06:00:00+02:00
2025-10-06 21:38:16+02:00,208,BE,Planned maintenance,A03,,2023-04-25 10:30:00+02:00,-vEzx3ADFHCOfSF80o1Ikg,289.0,Fossil Gas,22WAMERCO000010Y,Belgium,Amercoeur 1 R TGV,Amercoeur 1 R GT,1,MAW,PT1M,2,2023-04-25 08:00:00+02:00
2025-10-06 21:38:16+02:00,112,BE,Planned maintenance,A03,,2023-04-25 10:30:00+02:00,hDVDMl-zgHJsX98ju78ScA,162.0,Fossil Gas,22WAMERCO000010Y,Belgium,Amercoeur 1 R TGV,Amercoeur 1 R ST,1,MAW,PT1M,2,2023-04-25 08:00:00+02:00
2025-10-06 21:38:38+02:00,0,BE,Planned maintenance,A03,Cancelled,2023-05-29 00:00:00+02:00,ZaqR6S4tmjiVSyRXf_QYsw,289.0,Fossil Gas,22WAMERCO000010Y,Belgium,Amercoeur 1 R TGV,Amercoeur 1 R GT,1,MAW,PT1M,2,2023-05-15 00:00:00+02:00
2025-10-06 21:38:38+02:00,0,BE,Planned maintenance,A03,Cancelled,2023-05-29 00:00:00+02:00,mmIDYv4oxB66YJhLPziEAQ,162.0,Fossil Gas,22WAMERCO000010Y,Belgium,Amercoeur 1 R TGV,Amercoeur 1 R ST,1,MAW,PT1M,2,2023-05-15 00:00:00+02:00
2025-10-06 21:40:30+02:00,0,BE,Planned maintenance,A03,,2023-04-26 17:40:00+02:00,bsWAmsJUGlwSGwgNf1SyUg,167.0,Fossil Gas,22WHERDER0001288,Belgium,HERDERSBRUG STEG,HERDERSBRUG ST,1,MAW,PT1M,2,2023-04-26 06:00:00+02:00
2025-10-06 21:40:30+02:00,0,BE,Planned maintenance,A03,,2023-04-26 17:40:00+02:00,DBFgtQaIlcSq6duTPjOD7w,157.0,Fossil Gas,22WHERDER0001288,Belgium,HERDERSBRUG STEG,HERDERSBRUG GT1,1,MAW,PT1M,2,2023-04-26 06:00:00+02:00
2025-10-06 21:41:29+02:00,0,BE,Planned maintenance,A03,,2023-04-27 12:56:00+02:00,g85GErokKNbMe95D9W-ZQQ,230.0,Hydro Pumped Storage,22WCOOXII000070C,Belgium,COO II T,COO 5 T,1,MAW,PT1M,3,2023-04-27 08:00:00+02:00
2025-10-06 21:42:03+02:00,260,BE,Planned maintenance,A03,,2023-04-27 19:07:00+02:00,yulr5dnIuhrTvLas9GnHJA,315.0,Fossil Gas,22WZELZAT0002618,Belgium,Zelzate 2 Knippegroen,Zelzate 2 Knippegroen,1,MAW,PT1M,2,2023-04-27 07:31:00+02:00
2025-10-06 21:43:18+02:00,0,BE,Planned maintenance,A03,Cancelled,2023-05-02 19:00:00+02:00,NJq9L3DjlPfWVHHPC44yUg,369.6,Wind Offshore,22W201902131---T,Belgium,Norther Offshore WP,Norther Offshore WP,1,MAW,PT1M,2,2023-05-02 07:00:00+02:00
2025-10-06 21:47:56+02:00,260,BE,Planned maintenance,A03,Cancelled,2023-05-04 01:30:00+02:00,nR-Vo0MnkeCfrflIj3H4-g,315.0,Fossil Gas,22WZELZAT0002618,Belgium,Zelzate 2 Knippegroen,Zelzate 2 Knippegroen,1,MAW,PT1M,2,2023-05-03 03:30:00+02:00
2025-10-06 21:48:43+02:00,258,BE,Planned maintenance,A03,Cancelled,2023-05-04 16:30:00+02:00,lKEof9KrSb8sWSlCfMPpqw,307.0,Wind Offshore,22W20180628----H,Belgium,Rentel Offshore WP,Rentel Offshore WP,1,MAW,PT1M,3,2023-05-04 08:30:00+02:00
2025-10-06 21:48:53+02:00,0,BE,Planned maintenance,A03,,2023-05-03 17:30:00+02:00,XpZh6QfjB9RXMQbgJ-5CIw,369.6,Wind Offshore,22W201902131---T,Belgium,Norther Offshore WP,Norther Offshore WP,1,MAW,PT1M,3,2023-05-03 07:30:00+02:00
2025-10-06 22:06:00+02:00,0,BE,Planned maintenance,A03,,2023-05-05 12:29:00+02:00,wvDt2WwgH1oim6FqAuY_Uw,158.0,Hydro Pumped Storage,22WCOOXIX000067T,Belgium,COO I T,COO 3 T,1,MAW,PT1M,3,2023-05-03 07:15:00+02:00
2025-10-06 22:06:03+02:00,0,BE,Planned maintenance,A03,,2023-05-05 13:43:00+02:00,R8EfGUynPvG4P3GfkSHjhA,158.0,Hydro Pumped Storage,22WCOOXIX000067T,Belgium,COO I T,COO 2 T,1,MAW,PT1M,3,2023-05-03 06:00:00+02:00
2025-10-06 22:09:05+02:00,120,BE,Planned maintenance,A03,Cancelled,2023-05-16 14:00:00+02:00,tPicdjEe34Zp3iD2Uyxgyg,268.0,Biomass,22WRODENH000213L,Belgium,RODENHUIZE 4,RODENHUIZE 4,1,MAW,PT1M,2,2023-05-15 14:00:00+02:00
2025-10-06 22:09:08+02:00,0,BE,Planned maintenance,A03,Cancelled,2023-05-08 18:01:00+02:00,LimqNzlJGm9bKo2jqP6xUw,386.0,Fossil Gas,22WSAINT-000221B,Belgium,SAINT-GHISLAIN STEG,SAINT-GHISLAIN STEG,1,MAW,PT1M,2,2023-05-08 18:00:00+02:00
2025-10-06 22:09:08+02:00,370,BE,Planned maintenance,A03,Cancelled,2023-05-16 17:00:00+02:00,N7BSfM0nqSlaqXmL86_WDw,386.0,Fossil Gas,22WSAINT-000221B,Belgium,SAINT-GHISLAIN STEG,SAINT-GHISLAIN STEG,1,MAW,PT1M,2,2023-05-16 07:00:00+02:00
2025-10-06 22:10:20+02:00,210,BE,Planned maintenance,A03,,2023-05-09 16:24:00+02:00,bLKUHZmAIJ5VbP14vJ_feg,315.0,Fossil Gas,22WZELZAT0002618,Belgium,Zelzate 2 Knippegroen,Zelzate 2 Knippegroen,1,MAW,PT1M,4,2023-05-09 07:24:00+02:00
2025-10-06 22:12:07+02:00,0,BE,Planned maintenance,A03,,2023-05-31 00:00:00+02:00,qUFo2BMRDsYEY67_oTv-UA,162.0,Fossil Gas,22WAMERCO000010Y,Belgium,Amercoeur 1 R TGV,Amercoeur 1 R ST,1,MAW,PT1M,4,2023-05-12 15:45:00+02:00
2025-10-06 22:12:07+02:00,0,BE,Planned maintenance,A03,,2023-05-31 00:00:00+02:00,Bbc4G58NQSDAovtkER2NEA,289.0,Fossil Gas,22WAMERCO000010Y,Belgium,Amercoeur 1 R TGV,Amercoeur 1 R GT,1,MAW,PT1M,4,2023-05-12 15:45:00+02:00
2025-10-06 22:12:07+02:00,49,BE,Planned maintenance,A03,,2023-05-12 15:45:00+02:00,4NllgBA3Oa00xoZC85udiQ,162.0,Fossil Gas,22WAMERCO000010Y,Belgium,Amercoeur 1 R TGV,Amercoeur 1 R ST,1,MAW,PT1M,5,2023-05-12 11:00:00+02:00
2025-10-06 22:12:07+02:00,91,BE,Planned maintenance,A03,,2023-05-12 15:45:00+02:00,w-oUoAq6eXVLxYhXLopmPQ,289.0,Fossil Gas,22WAMERCO000010Y,Belgium,Amercoeur 1 R TGV,Amercoeur 1 R GT,1,MAW,PT1M,5,2023-05-12 11:00:00+02:00
2025-10-06 22:14:07+02:00,0,BE,Planned maintenance,A03,,2023-05-17 14:48:00+02:00,tFPI9yjQ1bAkLIS_lhxsRA,158.0,Hydro Pumped Storage,22WCOOXIX000067T,Belgium,COO I T,COO 2 T,1,MAW,PT1M,2,2023-05-08 08:00:00+02:00
2025-10-06 22:14:36+02:00,0,BE,Planned maintenance,A03,,2023-05-18 16:45:00+02:00,kRDoa0mlbcncnZmUhmERJg,171.0,Wind Offshore,22WBELWIN0000271,Belgium,Belwind Phase 1,Belwind Phase 1,1,MAW,PT1M,2,2023-05-18 08:00:00+02:00
2025-10-06 22:14:42+02:00,0,BE,Planned maintenance,A03,Cancelled,2023-05-23 17:00:00+02:00,k1VAp9jtDhKvDN2leE8CmA,216.0,Wind Offshore,22WNORTHW000187B,Belgium,Northwind,Northwind,1,MAW,PT1M,2,2023-05-23 08:00:00+02:00
2025-10-06 22:14:42+02:00,0,BE,Planned maintenance,A03,Cancelled,2023-05-22 17:00:00+02:00,SyRMAoNxuzW9MUO9lyUR6Q,216.0,Wind Offshore,22WNORTHW000187B,Belgium,Northwind,Northwind,1,MAW,PT1M,3,2023-05-22 08:00:00+02:00
2025-10-06 22:34:34+02:00,0,BE,Planned maintenance,A03,,2023-05-29 06:00:00+02:00,PfRNYe8FMovVhnKQjnS84w,1039.0,Nuclear,22WDOELX40000793,Belgium,DOEL 4,DOEL 4,1,MAW,PT1M,2,2023-04-22 00:00:00+02:00
2025-10-06 22:46:11+02:00,450,BE,Planned maintenance,A03,,2023-06-09 19:15:00+02:00,lqI95wS58zNlnuSSCzbYTg,445.0,Nuclear,22WDOELX1000076X,Belgium,DOEL 1,DOEL 1,1,MAW,PT1M,4,2023-04-27 00:00:00+02:00
2025-10-07 03:04:11+02:00,0,BE,Planned maintenance,A03,,2023-09-26 08:15:00+02:00,PhmlUUkX4avPZczBJTea8g,264.0,Fossil Gas,22W20181005PU--J,Belgium,VILVOORDE TGV,VILVOORDE GT,1,MAW,PT1M,6,2023-03-30 22:00:00+02:00
2025-10-07 05:22:54+02:00,0,BE,Planned maintenance,A03,Cancelled,2023-12-23 00:00:00+01:00,_3xcYw4Ihacg5m8PBtEeuQ,158.0,Hydro Pumped Storage,22WCOOXIX000067T,Belgium,COO I T,COO 1 T,1,MAW,PT1M,5,2023-05-02 06:00:00+02:00
2025-10-07 06:11:53+02:00,258,BE,Planned maintenance,A03,Cancelled,2023-05-01 16:30:00+02:00,rS4DOToogjZh6bBH1sSoAw,307.0,Wind Offshore,22W20180628----H,Belgium,Rentel Offshore WP,Rentel Offshore WP,1,MAW,PT1M,2,2023-05-01 08:30:00+02:00
2025-10-07 06:11:53+02:00,258,BE,Planned maintenance,A03,Cancelled,2023-04-30 18:00:00+02:00,QXomfTJalVLRzS-rpYh0EA,307.0,Wind Offshore,22W20180628----H,Belgium,Rentel Offshore WP,Rentel Offshore WP,1,MAW,PT1M,2,2023-04-30 08:00:00+02:00
2025-10-07 06:11:53+02:00,272,BE,Planned maintenance,A03,Cancelled,2023-04-27 17:00:00+02:00,Z6QJmhXE3Iqary1Fr5vqTw,307.0,Wind Offshore,22W20180628----H,Belgium,Rentel Offshore WP,Rentel Offshore WP,1,MAW,PT1M,2,2023-04-27 09:00:00+02:00
2025-10-07 06:11:54+02:00,257,BE,Planned maintenance,A03,Cancelled,2023-05-08 17:00:00+02:00,p5KH__53fO8eqKaUocj7Pw,307.0,Wind Offshore,22W20180628----H,Belgium,Rentel Offshore WP,Rentel Offshore WP,1,MAW,PT1M,2,2023-05-08 08:00:00+02:00
2025-10-07 06:11:54+02:00,272,BE,Planned maintenance,A03,Cancelled,2023-05-07 16:30:00+02:00,T81kL7E3K1-VODgSFtq8aA,307.0,Wind Offshore,22W20180628----H,Belgium,Rentel Offshore WP,Rentel Offshore WP,1,MAW,PT1M,2,2023-05-07 08:30:00+02:00
2025-10-07 06:11:54+02:00,0,BE,Planned maintenance,A03,Cancelled,2023-05-11 20:00:00+02:00,amrHYKG3Ysc2peDRpbSJQw,307.0,Wind Offshore,22W20180628----H,Belgium,Rentel Offshore WP,Rentel Offshore WP,1,MAW,PT1M,5,2023-05-11 06:30:00+02:00
2025-10-07 06:11:54+02:00,265,BE,Planned maintenance,A03,Cancelled,2023-05-12 18:00:00+02:00,69kOQ2M74XXlbL-QpIY64w,307.0,Wind Offshore,22W20180628----H,Belgium,Rentel Offshore WP,Rentel Offshore WP,1,MAW,PT1M,2,2023-05-12 07:00:00+02:00
2025-10-07 06:11:54+02:00,258,BE,Planned maintenance,A03,Cancelled,2023-05-06 16:30:00+02:00,B8K6H8TqcbcSrMwDUH_ugA,307.0,Wind Offshore,22W20180628----H,Belgium,Rentel Offshore WP,Rentel Offshore WP,1,MAW,PT1M,3,2023-05-06 08:30:00+02:00
2025-10-07 06:11:54+02:00,258,BE,Planned maintenance,A03,Cancelled,2023-05-05 16:30:00+02:00,r1h6cBsmaj4-skWJSut5qg,307.0,Wind Offshore,22W20180628----H,Belgium,Rentel Offshore WP,Rentel Offshore WP,1,MAW,PT1M,2,2023-05-05 08:30:00+02:00
2025-10-07 06:11:54+02:00,250,BE,Planned maintenance,A03,Cancelled,2023-05-03 16:30:00+02:00,vCIiWazND1DBX6OW5Zre4Q,307.0,Wind Offshore,22W20180628----H,Belgium,Rentel Offshore WP,Rentel Offshore WP,1,MAW,PT1M,3,2023-05-03 08:30:00+02:00
2025-10-07 06:11:54+02:00,250,BE,Planned maintenance,A03,Cancelled,2023-05-02 16:30:00+02:00,2P5PUt1TtG6Vq-37MTQ-jQ,307.0,Wind Offshore,22W20180628----H,Belgium,Rentel Offshore WP,Rentel Offshore WP,1,MAW,PT1M,2,2023-05-02 08:30:00+02:00
2025-10-03 09:11:10+02:00,0,BE,Planned maintenance,A03,Cancelled,2023-09-22 00:00:00+02:00,_z_ImUrBa_V0IO0zIO_EDQ,158.0,Hydro Pumped Storage,22WCOOXIX000067T,Belgium,COO I T,COO 2 T,1,MAW,PT1M,2,2023-09-11 00:00:00+02:00
2025-10-03 09:53:44+02:00,0,BE,Planned maintenance,A03,Cancelled,2023-06-19 00:00:00+02:00,xfZHxE8vpl0ofl29YpSq1A,156.3,Fossil Gas,22WHERDER0001288,Belgium,HERDERSBRUG STEG,HERDERSBRUG GT2,1,MAW,PT1M,2,2023-06-13 00:00:00+02:00
2025-10-03 09:53:44+02:00,0,BE,Planned maintenance,A03,Cancelled,2023-06-19 00:00:00+02:00,JD8BicwRjLBLxNhVSFM1Mg,167.0,Fossil Gas,22WHERDER0001288,Belgium,HERDERSBRUG STEG,HERDERSBRUG ST,1,MAW,PT1M,2,2023-06-13 00:00:00+02:00
2025-10-05 19:04:56+02:00,0,BE,Planned maintenance,A03,Cancelled,2023-06-17 00:00:00+02:00,N6wdQenqv4wenNacVFQ7FQ,156.3,Fossil Gas,22WHERDER0001288,Belgium,HERDERSBRUG STEG,HERDERSBRUG GT2,1,MAW,PT1M,2,2023-06-12 00:00:00+02:00
2025-10-05 19:04:56+02:00,0,BE,Planned maintenance,A03,,2023-06-17 00:00:00+02:00,8gitc98eAy4HeoV9E-k-cg,167.0,Fossil Gas,22WHERDER0001288,Belgium,HERDERSBRUG STEG,HERDERSBRUG ST,1,MAW,PT1M,2,2023-06-12 00:00:00+02:00
2025-10-05 19:05:00+02:00,0,BE,Planned maintenance,A03,Cancelled,2023-09-25 18:00:00+02:00,4shXlfcs57_1aWYIJhNsiA,158.0,Hydro Pumped Storage,22WCOOXIX000067T,Belgium,COO I T,COO 3 T,1,MAW,PT1M,2,2023-09-04 08:00:00+02:00
2025-10-05 19:05:04+02:00,0,BE,Planned maintenance,A03,Cancelled,2023-06-29 18:00:00+02:00,SKhSJi6W3jrfS1GcrGQbUw,230.0,Hydro Pumped Storage,22WCOOXII000070C,Belgium,COO II T,COO 6 T,1,MAW,PT1M,2,2023-06-19 08:00:00+02:00
2025-10-05 23:11:11+02:00,0,BE,Planned maintenance,A03,Cancelled,2023-08-24 23:59:00+02:00,tEP0QdvaZWnKxRYO8o0Bqg,422.0,Fossil Gas,22WT-POWE000244W,Belgium,T-power Beringen,T-power Beringen,1,MAW,PT1M,2,2023-08-21 00:00:00+02:00
2025-10-06 11:02:09+02:00,0,BE,Planned maintenance,A03,Cancelled,2023-07-05 18:00:00+02:00,6kqmVRbWDZ1XfvlEqGhIxg,230.0,Hydro Pumped Storage,22WCOOXII000070C,Belgium,COO II T,COO 5 T,1,MAW,PT1M,3,2023-06-05 08:00:00+02:00
2025-10-06 11:02:09+02:00,0,BE,Planned maintenance,A03,Cancelled,2023-07-05 18:00:00+02:00,fkiO8ERxuwAtaXGjhuKKfQ,230.0,Hydro Pumped Storage,22WCOOXII000070C,Belgium,COO II T,COO 6 T,1,MAW,PT1M,2,2023-06-05 08:00:00+02:00
2025-10-06 11:02:09+02:00,0,BE,Planned maintenance,A03,Cancelled,2023-07-05 18:00:00+02:00,mpr_cPBq38ZRNB12tdGnVQ,230.0,Hydro Pumped Storage,22WCOOXII000070C,Belgium,COO II T,COO 4 T,1,MAW,PT1M,2,2023-06-05 08:00:00+02:00
2025-10-06 13:38:40+02:00,0,BE,Planned maintenance,A03,Cancelled,2023-06-16 07:30:00+02:00,stdfwCVjYJBNtMvWkJ2jVw,422.0,Fossil Gas,22WT-POWE000244W,Belgium,T-power Beringen,T-power Beringen,1,MAW,PT1M,2,2023-06-11 07:30:00+02:00
2025-10-06 14:15:10+02:00,0,BE,Planned maintenance,A03,,2023-06-30 00:00:00+02:00,leGC0cWIuq5BME-eiCPmHA,160.0,Fossil Gas,22WDROGEN0000863,Belgium,DROGENBOS TGV,DROGENBOS ST,1,MAW,PT1M,1,2023-06-24 00:00:00+02:00
2025-10-06 16:25:56+02:00,0,BE,Planned maintenance,A03,Cancelled,2023-06-17 00:00:00+02:00,xXzU-C4r0owe65_8Odc5LA,157.0,Fossil Gas,22WHERDER0001288,Belgium,HERDERSBRUG STEG,HERDERSBRUG GT1,1,MAW,PT1M,2,2023-06-12 00:00:00+02:00
2025-10-06 16:25:59+02:00,0,BE,Planned maintenance,A03,Cancelled,2023-09-16 00:00:00+02:00,tL_dvsdkidNs4bU-w31miw,156.3,Fossil Gas,22WHERDER0001288,Belgium,HERDERSBRUG STEG,HERDERSBRUG GT2,1,MAW,PT1M,2,2023-09-11 00:00:00+02:00
2025-10-06 20:01:50+02:00,0,BE,Planned maintenance,A03,Cancelled,2023-07-01 00:00:00+02:00,2nhsv135MyBNd44-savVqg,150.0,Fossil Gas,22WDROGEN0000863,Belgium,DROGENBOS TGV,DROGENBOS GT1,1,MAW,PT1M,2,2023-06-24 00:00:00+02:00
2025-10-06 20:08:05+02:00,0,BE,Planned maintenance,A03,Cancelled,2023-08-07 00:00:00+02:00,r_4IMeynnJ4OLlFIXHQaGg,156.3,Fossil Gas,22WHERDER0001288,Belgium,HERDERSBRUG STEG,HERDERSBRUG GT2,1,MAW,PT1M,4,2023-07-26 00:00:00+02:00
2025-10-06 20:08:05+02:00,0,BE,Planned maintenance,A03,Cancelled,2023-08-18 00:00:00+02:00,NQOT_1ccM5H5KSg_aq8Rsg,167.0,Fossil Gas,22WHERDER0001288,Belgium,HERDERSBRUG STEG,HERDERSBRUG ST,1,MAW,PT1M,2,2023-08-07 00:00:00+02:00
2025-10-06 20:08:05+02:00,0,BE,Planned maintenance,A03,Cancelled,2023-08-18 00:00:00+02:00,YN8PmnEfmTF-7iFs3WcibQ,157.0,Fossil Gas,22WHERDER0001288,Belgium,HERDERSBRUG STEG,HERDERSBRUG GT1,1,MAW,PT1M,2,2023-08-07 00:00:00+02:00
2025-10-06 20:08:05+02:00,0,BE,Planned maintenance,A03,Cancelled,2023-07-26 00:00:00+02:00,6-Vgx-rqU4PsFIBpFySp3Q,157.0,Fossil Gas,22WHERDER0001288,Belgium,HERDERSBRUG STEG,HERDERSBRUG GT1,1,MAW,PT1M,2,2023-07-12 00:00:00+02:00
2025-10-06 20:08:05+02:00,82.77,BE,Planned maintenance,A03,Cancelled,2023-08-07 00:00:00+02:00,gEM5tEcqWeckLei0CisbPQ,167.0,Fossil Gas,22WHERDER0001288,Belgium,HERDERSBRUG STEG,HERDERSBRUG ST,1,MAW,PT1M,2,2023-07-26 00:00:00+02:00
2025-10-06 20:08:06+02:00,0,BE,Planned maintenance,A03,Cancelled,2023-08-21 00:00:00+02:00,d0Q6kIogsza7bWz2z1pBGA,156.3,Fossil Gas,22WHERDER0001288,Belgium,HERDERSBRUG STEG,HERDERSBRUG GT2,1,MAW,PT1M,3,2023-08-07 00:00:00+02:00
2025-10-06 20:08:06+02:00,0,BE,Planned maintenance,A03,Cancelled,2023-08-21 00:00:00+02:00,rqMmHi-H7OVAO1GlNQwokg,157.0,Fossil Gas,22WHERDER0001288,Belgium,HERDERSBRUG STEG,HERDERSBRUG GT1,1,MAW,PT1M,3,2023-08-07 00:00:00+02:00
2025-10-06 20:08:06+02:00,0,BE,Planned maintenance,A03,Cancelled,2023-08-21 00:00:00+02:00,CJNjrQ3dCUy3Qluj9_Solw,167.0,Fossil Gas,22WHERDER0001288,Belgium,HERDERSBRUG STEG,HERDERSBRUG ST,1,MAW,PT1M,3,2023-08-07 00:00:00+02:00
2025-10-06 20:52:52+02:00,80.5,BE,Planned maintenance,A03,Cancelled,2023-07-03 00:00:00+02:00,U1AAXVqCP0ilJMDLKvHXTg,160.0,Fossil Gas,22WDROGEN0000863,Belgium,DROGENBOS TGV,DROGENBOS ST,1,MAW,PT1M,2,2023-06-02 00:00:00+02:00
2025-10-06 20:52:52+02:00,0,BE,Planned maintenance,A03,Cancelled,2023-07-03 00:00:00+02:00,tS6IalktlMglitEo9TMSug,150.0,Fossil Gas,22WDROGEN0000863,Belgium,DROGENBOS TGV,DROGENBOS GT1,1,MAW,PT1M,2,2023-06-02 00:00:00+02:00
2025-10-06 21:13:15+02:00,0,BE,Planned maintenance,A03,,2023-06-07 14:00:00+02:00,6E1Z4kS4I41ftKX5KyIsNg,157.0,Fossil Gas,22WHERDER0001288,Belgium,HERDERSBRUG STEG,HERDERSBRUG GT1,1,MAW,PT1M,1,2023-06-07 06:00:00+02:00
2025-10-06 21:13:16+02:00,0,BE,Planned maintenance,A03,,2023-07-01 15:00:00+02:00,iob1nng1Je2REYnKtq7EMg,157.0,Fossil Gas,22WHERDER0001288,Belgium,HERDERSBRUG STEG,HERDERSBRUG GT1,1,MAW,PT1M,1,2023-07-01 00:00:00+02:00
2025-10-06 21:13:17+02:00,0,BE,Planned maintenance,A03,,2023-06-07 14:00:00+02:00,1pBp6NYudrmpZMKuxs3C9Q,167.0,Fossil Gas,22WHERDER0001288,Belgium,HERDERSBRUG STEG,HERDERSBRUG ST,1,MAW,PT1M,2,2023-06-07 06:00:00+02:00
2025-10-06 21:13:17+02:00,0,BE,Planned maintenance,A03,,2023-06-07 14:00:00+02:00,2yrcbml1ElXBBX5-qA-syA,156.3,Fossil Gas,22WHERDER0001288,Belgium,HERDERSBRUG STEG,HERDERSBRUG GT2,1,MAW,PT1M,1,2023-06-07 06:00:00+02:00
2025-10-06 21:13:19+02:00,0,BE,Planned maintenance,A03,,2023-07-01 15:00:00+02:00,HLWGOR-9WCE0iazW1A3pkg,156.3,Fossil Gas,22WHERDER0001288,Belgium,HERDERSBRUG STEG,HERDERSBRUG GT2,1,MAW,PT1M,1,2023-07-01 00:00:00+02:00
2025-10-06 21:13:19+02:00,0,BE,Planned maintenance,A03,,2023-07-01 15:00:00+02:00,hXP-yF6Y0hDhKhqdJUvVHA,167.0,Fossil Gas,22WHERDER0001288,Belgium,HERDERSBRUG STEG,HERDERSBRUG ST,1,MAW,PT1M,2,2023-07-01 00:00:00+02:00
2025-10-06 21:16:00+02:00,272,BE,Planned maintenance,A03,Cancelled,2023-06-04 18:00:00+02:00,dJmkfkJW1x8FvwVRfBuzGA,307.0,Wind Offshore,22W20180628----H,Belgium,Rentel Offshore WP,Rentel Offshore WP,1,MAW,PT1M,2,2023-06-04 07:00:00+02:00
2025-10-06 21:17:39+02:00,0,BE,Planned maintenance,A03,Cancelled,2023-06-21 00:00:00+02:00,GTSrTes79C470868dZ4GFg,160.0,Fossil Gas,22WDROGEN0000863,Belgium,DROGENBOS TGV,DROGENBOS ST,1,MAW,PT1M,2,2023-06-19 00:00:00+02:00
2025-10-06 21:17:39+02:00,0,BE,Planned maintenance,A03,Cancelled,2023-06-21 00:00:00+02:00,vxGQ2XpaatvrnrgnzEWJdA,150.0,Fossil Gas,22WDROGEN0000863,Belgium,DROGENBOS TGV,DROGENBOS GT2,1,MAW,PT1M,2,2023-06-19 00:00:00+02:00
2025-10-06 21:32:13+02:00,0,BE,Planned maintenance,A03,Cancelled,2023-07-01 18:00:00+02:00,d3ueDNHgmwdQ--pk_CNkMg,158.0,Hydro Pumped Storage,22WCOOXIX000067T,Belgium,COO I T,COO 2 T,1,MAW,PT1M,2,2023-06-26 08:00:00+02:00
2025-10-06 21:34:43+02:00,0,BE,Planned maintenance,A03,Cancelled,2023-08-21 00:00:00+02:00,k2PV-f7XzZtWZJCPL1gxzg,157.0,Fossil Gas,22WHERDER0001288,Belgium,HERDERSBRUG STEG,HERDERSBRUG GT1,1,MAW,PT1M,2,2023-08-18 00:00:00+02:00
2025-10-06 21:34:43+02:00,0,BE,Planned maintenance,A03,Cancelled,2023-08-21 00:00:00+02:00,6qU0CrQuTbFm7JaW4fZrCg,156.3,Fossil Gas,22WHERDER0001288,Belgium,HERDERSBRUG STEG,HERDERSBRUG GT2,1,MAW,PT1M,2,2023-08-18 00:00:00+02:00
2025-10-06 21:34:43+02:00,0,BE,Planned maintenance,A03,Cancelled,2023-08-21 00:00:00+02:00,93PArnZbGay8JXeBmo54Xg,167.0,Fossil Gas,22WHERDER0001288,Belgium,HERDERSBRUG STEG,HERDERSBRUG ST,1,MAW,PT1M,2,2023-08-18 00:00:00+02:00
2025-10-06 21:38:35+02:00,0,BE,Planned maintenance,A03,Cancelled,2023-06-26 00:00:00+02:00,Z0xMzkYDvEzt10S-jFWhSw,386.0,Fossil Gas,22WSAINT-000221B,Belgium,SAINT-GHISLAIN STEG,SAINT-GHISLAIN STEG,1,MAW,PT1M,2,2023-06-12 00:00:00+02:00
2025-10-06 21:43:31+02:00,0,BE,Planned maintenance,A03,Cancelled,2023-09-29 18:00:00+02:00,jl80-S1ggIHBhbrXHzBroQ,230.0,Hydro Pumped Storage,22WCOOXII000070C,Belgium,COO II T,COO 4 T,1,MAW,PT1M,2,2023-09-01 00:00:00+02:00
2025-10-06 21:43:32+02:00,0,BE,Planned maintenance,A03,Cancelled,2023-09-29 18:00:00+02:00,huFFUD4FJvWrS0QrDnr-Qw,230.0,Hydro Pumped Storage,22WCOOXII000070C,Belgium,COO II T,COO 5 T,1,MAW,PT1M,2,2023-09-01 00:00:00+02:00
2025-10-06 21:43:32+02:00,0,BE,Planned maintenance,A03,Cancelled,2023-09-29 18:00:00+02:00,xKU6OheeadmQIzEcpubdtw,230.0,Hydro Pumped Storage,22WCOOXII000070C,Belgium,COO II T,COO 6 T,1,MAW,PT1M,2,2023-09-01 00:00:00+02:00
2025-10-06 22:11:23+02:00,0,BE,Planned maintenance,A03,Cancelled,2023-07-08 07:30:00+02:00,fg6dgd3xwR_zafs4kce10A,422.0,Fossil Gas,22WT-POWE000244W,Belgium,T-power Beringen,T-power Beringen,1,MAW,PT1M,3,2023-07-02 07:30:00+02:00
2025-10-06 22:14:06+02:00,0,BE,Planned maintenance,A03,Cancelled,2023-05-23 12:00:00+02:00,vc7zkFa_KPck29EOO0RwFQ,230.0,Hydro Pumped Storage,22WCOOXII000070C,Belgium,COO II T,COO 4 T,1,MAW,PT1M,2,2023-05-23 10:00:00+02:00
2025-10-06 22:14:39+02:00,80.5,BE,Planned maintenance,A03,Cancelled,2023-07-03 00:00:00+02:00,hYpqpUcu4y689o3tRvLwYg,160.0,Fossil Gas,22WDROGEN0000863,Belgium,DROGENBOS TGV,DROGENBOS ST,1,MAW,PT1M,2,2023-06-23 00:00:00+02:00
2025-10-06 22:14:41+02:00,0,BE,Planned maintenance,A03,Cancelled,2023-07-12 18:00:00+02:00,aQ_ECFskI3o1uw1QNYWgDA,158.0,Hydro Pumped Storage,22WCOOXIX000067T,Belgium,COO I T,COO 2 T,1,MAW,PT1M,2,2023-07-10 07:00:00+02:00
2025-10-06 22:14:41+02:00,0,BE,Planned maintenance,A03,Cancelled,2023-07-12 18:00:00+02:00,2JhO5rDkPysJk3_KTenLWA,158.0,Hydro Pumped Storage,22WCOOXIX000067T,Belgium,COO I T,COO 3 T,1,MAW,PT1M,2,2023-07-10 07:00:00+02:00
2025-10-06 22:15:34+02:00,0,BE,Planned maintenance,A03,Cancelled,2023-05-24 17:00:00+02:00,iqcOrEMBK9lnzkX2uoAJ2Q,216.0,Wind Offshore,22WNORTHW000187B,Belgium,Northwind,Northwind,1,MAW,PT1M,2,2023-05-24 08:00:00+02:00
2025-10-06 22:15:54+02:00,0,BE,Planned maintenance,A03,Cancelled,2023-05-23 11:30:00+02:00,LbLRg6Kcyu66g4cy4H7IbA,230.0,Hydro Pumped Storage,22WCOOXII000070C,Belgium,COO II T,COO 4 T,1,MAW,PT1M,3,2023-05-23 09:30:00+02:00
2025-10-06 22:16:38+02:00,370,BE,Planned maintenance,A03,,2023-05-24 15:00:00+02:00,kcEaXLkCA3oztnyynImpPw,386.0,Fossil Gas,22WSAINT-000221B,Belgium,SAINT-GHISLAIN STEG,SAINT-GHISLAIN STEG,1,MAW,PT1M,3,2023-05-24 07:00:00+02:00
2025-10-06 22:17:49+02:00,370,BE,Planned maintenance,A03,,2023-05-25 11:12:00+02:00,V_S7FGA3XLEN6_M_exUqZw,386.0,Fossil Gas,22WSAINT-000221B,Belgium,SAINT-GHISLAIN STEG,SAINT-GHISLAIN STEG,1,MAW,PT1M,5,2023-05-25 07:00:00+02:00
2025-10-06 22:18:23+02:00,370,BE,Planned maintenance,A03,,2023-05-25 18:00:00+02:00,hrhL53t2q43Vi-zoGuL7Tw,386.0,Fossil Gas,22WSAINT-000221B,Belgium,SAINT-GHISLAIN STEG,SAINT-GHISLAIN STEG,1,MAW,PT1M,4,2023-05-25 15:30:00+02:00
2025-10-06 22:19:06+02:00,0,BE,Planned maintenance,A03,Cancelled,2023-05-30 17:00:00+02:00,W08_IFaI0uTtFDOmi3cP8Q,171.0,Wind Offshore,22WBELWIN0000271,Belgium,Belwind Phase 1,Belwind Phase 1,1,MAW,PT1M,3,2023-05-30 08:00:00+02:00
2025-10-06 22:19:06+02:00,0,BE,Planned maintenance,A03,Cancelled,2023-05-31 17:00:00+02:00,4dhD4M0gXLIuVLDrTu0kDQ,171.0,Wind Offshore,22WBELWIN0000271,Belgium,Belwind Phase 1,Belwind Phase 1,1,MAW,PT1M,2,2023-05-31 08:00:00+02:00
2025-10-06 22:19:16+02:00,0,BE,Planned maintenance,A03,Cancelled,2023-06-22 00:00:00+02:00,3JPNbKz5L3-aWBZD6Du4lg,150.0,Fossil Gas,22W201806271---D,Belgium,EDF Luminus Seraing TGV,EDF Luminus Seraing GT1,1,MAW,PT1M,2,2023-05-27 00:00:00+02:00
2025-10-06 22:38:21+02:00,0,BE,Planned maintenance,A03,Cancelled,2023-06-01 17:00:00+02:00,Jd5PZFX5Ri12ByiMpxND2Q,171.0,Wind Offshore,22WBELWIN0000271,Belgium,Belwind Phase 1,Belwind Phase 1,1,MAW,PT1M,2,2023-06-01 08:00:00+02:00
2025-10-06 22:38:31+02:00,120,BE,Planned maintenance,A03,Cancelled,2023-05-31 12:30:00+02:00,2bUpKzFwJ8z2pL-T-QlCWQ,268.0,Biomass,22WRODENH000213L,Belgium,RODENHUIZE 4,RODENHUIZE 4,1,MAW,PT1M,2,2023-05-30 12:30:00+02:00
2025-10-06 22:41:14+02:00,120,BE,Planned maintenance,A03,Cancelled,2023-05-31 14:00:00+02:00,CZOfaWativzgO0aaB8jzmw,268.0,Biomass,22WRODENH000213L,Belgium,RODENHUIZE 4,RODENHUIZE 4,1,MAW,PT1M,2,2023-05-30 14:00:00+02:00
2025-10-06 22:41:19+02:00,0,BE,Planned maintenance,A03,,2023-05-31 11:00:00+02:00,t4OI5Q4FT-jh5Gb0L_EYxA,158.0,Hydro Pumped Storage,22WCOOXIX000067T,Belgium,COO I T,COO 3 T,1,MAW,PT1M,1,2023-05-31 07:30:00+02:00
2025-10-06 22:41:44+02:00,260,BE,Planned maintenance,A03,,2023-05-30 19:48:00+02:00,-ZCAa-WOZ8Ju2pznsyY5Cg,315.0,Fossil Gas,22WZELZAT0002618,Belgium,Zelzate 2 Knippegroen,Zelzate 2 Knippegroen,1,MAW,PT1M,4,2023-05-30 16:00:00+02:00
2025-10-06 22:42:41+02:00,120,BE,Planned maintenance,A03,,2023-05-31 12:30:00+02:00,iRYEav6pF8OnVia4SUTuGg,268.0,Biomass,22WRODENH000213L,Belgium,RODENHUIZE 4,RODENHUIZE 4,1,MAW,PT1M,3,2023-05-30 16:00:00+02:00
2025-10-06 22:43:56+02:00,0,BE,Planned maintenance,A03,Cancelled,2023-06-03 00:00:00+02:00,AVT8ZD7JZUUuUPbvglPgmQ,157.0,Fossil Gas,22WHERDER0001288,Belgium,HERDERSBRUG STEG,HERDERSBRUG GT1,1,MAW,PT1M,2,2023-06-02 00:00:00+02:00
2025-10-06 22:43:56+02:00,82.77,BE,Planned maintenance,A03,Cancelled,2023-06-03 00:00:00+02:00,3xnjLWwXOkyhEMTe8n8YZw,167.0,Fossil Gas,22WHERDER0001288,Belgium,HERDERSBRUG STEG,HERDERSBRUG ST,1,MAW,PT1M,2,2023-06-02 00:00:00+02:00
2025-10-06 22:44:20+02:00,80.5,BE,Planned maintenance,A03,,2023-06-01 11:23:00+02:00,rh_uq4ZvCEbnLHgcXFSfVw,160.0,Fossil Gas,22WDROGEN0000863,Belgium,DROGENBOS TGV,DROGENBOS ST,1,MAW,PT1M,4,2023-05-27 06:00:00+02:00
2025-10-06 22:44:33+02:00,272,BE,Planned maintenance,A03,Cancelled,2023-06-01 16:00:00+02:00,vnamGI4c8ux9oeoTXsmNxQ,307.0,Wind Offshore,22W20180628----H,Belgium,Rentel Offshore WP,Rentel Offshore WP,1,MAW,PT1M,2,2023-06-01 08:30:00+02:00
2025-10-06 22:45:50+02:00,78.49,BE,Planned maintenance,A03,,2023-06-02 11:38:00+02:00,RfCn_Eu40tDzx2JZ5t_T0A,167.0,Fossil Gas,22WHERDER0001288,Belgium,HERDERSBRUG STEG,HERDERSBRUG ST,1,MAW,PT1M,3,2023-06-02 08:00:00+02:00
2025-10-06 22:45:54+02:00,80.5,BE,Planned maintenance,A03,,2023-06-21 00:00:00+02:00,EztPgRv6od65e9svuIuTJQ,160.0,Fossil Gas,22WDROGEN0000863,Belgium,DROGENBOS TGV,DROGENBOS ST,1,MAW,PT1M,2,2023-06-02 11:50:00+02:00
2025-10-06 22:46:10+02:00,340,BE,Planned maintenance,A03,,2023-06-05 12:00:00+02:00,m8VlJFOwrnQUlriEmBzJXQ,386.0,Fossil Gas,22WSAINT-000221B,Belgium,SAINT-GHISLAIN STEG,SAINT-GHISLAIN STEG,1,MAW,PT1M,1,2023-06-05 07:00:00+02:00
2025-10-06 22:46:49+02:00,355,BE,Planned maintenance,A03,Cancelled,2023-06-03 02:00:00+02:00,YYuZCH6mLxLUAcOrKqpyxQ,445.0,Nuclear,22WDOELX2000077N,Belgium,DOEL 2,DOEL 2,1,MAW,PT1M,2,2023-06-03 00:00:00+02:00
2025-10-06 22:50:02+02:00,350,BE,Planned maintenance,A03,,2023-06-10 00:00:00+02:00,aHy8ReY1MYdPogEt3K_uRw,386.0,Fossil Gas,22WSAINT-000221B,Belgium,SAINT-GHISLAIN STEG,SAINT-GHISLAIN STEG,1,MAW,PT1M,1,2023-06-09 20:00:00+02:00
2025-10-06 22:50:13+02:00,350,BE,Planned maintenance,A03,,2023-06-07 14:00:00+02:00,ITbxXE08klU5oLyYDSBsIA,386.0,Fossil Gas,22WSAINT-000221B,Belgium,SAINT-GHISLAIN STEG,SAINT-GHISLAIN STEG,1,MAW,PT1M,1,2023-06-07 08:00:00+02:00
2025-10-06 22:53:32+02:00,0,BE,Planned maintenance,A03,,2023-06-12 17:00:00+02:00,HiHrAXlHGPbSGoNr832hKA,216.0,Wind Offshore,22WNORTHW000187B,Belgium,Northwind,Northwind,1,MAW,PT1M,1,2023-06-12 08:00:00+02:00
2025-10-06 22:54:13+02:00,0,BE,Planned maintenance,A03,Cancelled,2023-06-29 00:00:00+02:00,TYGeqazftYj_RpP_eo7ELQ,268.0,Biomass,22WRODENH000213L,Belgium,RODENHUIZE 4,RODENHUIZE 4,1,MAW,PT1M,2,2023-06-25 00:00:00+02:00
2025-10-06 22:54:13+02:00,0,BE,Planned maintenance,A03,,2023-06-20 13:00:00+02:00,KAL8LuGYRExHk8qfJlIPQw,268.0,Biomass,22WRODENH000213L,Belgium,RODENHUIZE 4,RODENHUIZE 4,1,MAW,PT1M,1,2023-05-31 12:30:00+02:00
2025-10-06 22:55:52+02:00,0,BE,Planned maintenance,A03,,2023-06-12 09:30:00+02:00,CbXkccMyAQ_5-1MpEAm8Jg,230.0,Hydro Pumped Storage,22WCOOXII000070C,Belgium,COO II T,COO 6 T,1,MAW,PT1M,1,2023-06-12 08:30:00+02:00
2025-10-06 23:00:22+02:00,0,BE,Planned maintenance,A03,Cancelled,2023-06-13 21:00:00+02:00,OtZ6_aU9s-2YU5ad4D_NiQ,385.0,Fossil Gas,22WRINGVA000209C,Belgium,RINGVAART STEG,RINGVAART STEG,1,MAW,PT1M,2,2023-06-12 00:00:00+02:00
2025-10-06 23:04:47+02:00,0,BE,Planned maintenance,A03,Cancelled,2023-06-13 17:00:00+02:00,MNxKaO27Occ6py8o4KHyiQ,216.0,Wind Offshore,22WNORTHW000187B,Belgium,Northwind,Northwind,1,MAW,PT1M,2,2023-06-13 08:00:00+02:00
2025-10-06 23:05:03+02:00,0,BE,Planned maintenance,A03,,2023-06-12 10:30:00+02:00,3X2fThY1dV7xSiunQztMsQ,1039.0,Nuclear,22WDOELX40000793,Belgium,DOEL 4,DOEL 4,1,MAW,PT1M,8,2023-06-03 02:10:00+02:00
2025-10-06 23:05:10+02:00,0,BE,Planned maintenance,A03,,2023-06-14 17:00:00+02:00,nm-gCLpeO2LgvlBg6eGy3A,158.0,Hydro Pumped Storage,22WCOOXIX000067T,Belgium,COO I T,COO 3 T,1,MAW,PT1M,1,2023-06-14 10:00:00+02:00
2025-10-06 23:05:10+02:00,0,BE,Planned maintenance,A03,,2023-06-13 17:00:00+02:00,yfM2AbZEkfiXoMvDhTmzYA,158.0,Hydro Pumped Storage,22WCOOXIX000067T,Belgium,COO I T,COO 2 T,1,MAW,PT1M,1,2023-06-13 10:00:00+02:00
2025-10-06 23:05:10+02:00,0,BE,Planned maintenance,A03,,2023-06-13 17:00:00+02:00,JU0Fg4sxFhnFWWgEelogaQ,158.0,Hydro Pumped Storage,22WCOOXIX000067T,Belgium,COO I T,COO 3 T,1,MAW,PT1M,1,2023-06-13 10:00:00+02:00
2025-10-06 23:05:10+02:00,0,BE,Planned maintenance,A03,,2023-06-14 17:00:00+02:00,ZBpNGHstnskNNXAtwsOuXw,158.0,Hydro Pumped Storage,22WCOOXIX000067T,Belgium,COO I T,COO 2 T,1,MAW,PT1M,1,2023-06-14 10:00:00+02:00
2025-10-06 23:05:11+02:00,0,BE,Planned maintenance,A03,Cancelled,2023-06-14 17:00:00+02:00,8qjh_xFEwyDDY1LSKQRTaA,216.0,Wind Offshore,22WNORTHW000187B,Belgium,Northwind,Northwind,1,MAW,PT1M,2,2023-06-14 08:00:00+02:00
2025-10-06 23:06:34+02:00,0,BE,Planned maintenance,A03,Cancelled,2023-06-15 17:00:00+02:00,C92cV3sMgId4BwodkD94gA,216.0,Wind Offshore,22WNORTHW000187B,Belgium,Northwind,Northwind,1,MAW,PT1M,2,2023-06-15 08:00:00+02:00
2025-10-06 23:06:55+02:00,0,BE,Planned maintenance,A03,,2023-06-13 12:00:00+02:00,27Dll77v1_T1-gJEjAvMkQ,385.0,Fossil Gas,22WRINGVA000209C,Belgium,RINGVAART STEG,RINGVAART STEG,1,MAW,PT1M,2,2023-06-12 00:00:00+02:00
2025-10-06 23:06:55+02:00,241,BE,Planned maintenance,A03,,2023-06-15 00:00:00+02:00,1JBZPPIOA0pICEKPcVMHIA,315.0,Fossil Gas,22WZELZAT0002618,Belgium,Zelzate 2 Knippegroen,Zelzate 2 Knippegroen,1,MAW,PT1M,2,2023-06-14 04:00:00+02:00
2025-10-06 23:09:09+02:00,0,BE,Planned maintenance,A03,Cancelled,2023-08-07 00:00:00+02:00,Xo7efxHSx6U76T-PlgSnAg,157.0,Fossil Gas,22WHERDER0001288,Belgium,HERDERSBRUG STEG,HERDERSBRUG GT1,1,MAW,PT1M,3,2023-08-05 00:00:00+02:00
2025-10-06 23:09:09+02:00,0,BE,Planned maintenance,A03,Cancelled,2023-08-07 00:00:00+02:00,pP8HPNj4kxUXjVoVy0h-Vw,156.3,Fossil Gas,22WHERDER0001288,Belgium,HERDERSBRUG STEG,HERDERSBRUG GT2,1,MAW,PT1M,3,2023-08-05 00:00:00+02:00
2025-10-06 23:09:09+02:00,0,BE,Planned maintenance,A03,Cancelled,2023-08-07 00:00:00+02:00,VJeuU18Cpjdv2EdbITkl_w,167.0,Fossil Gas,22WHERDER0001288,Belgium,HERDERSBRUG STEG,HERDERSBRUG ST,1,MAW,PT1M,3,2023-08-05 00:00:00+02:00
2025-10-06 23:09:20+02:00,0,BE,Planned maintenance,A03,Cancelled,2023-06-16 17:00:00+02:00,Afcq-hhDKE2DC3bBNUHvog,216.0,Wind Offshore,22WNORTHW000187B,Belgium,Northwind,Northwind,1,MAW,PT1M,2,2023-06-16 08:00:00+02:00
2025-10-06 23:11:58+02:00,0,BE,Planned maintenance,A03,,2023-06-19 20:00:00+02:00,Oe1SOA6QJi4LZ6IutdiNXg,230.0,Hydro Pumped Storage,22WCOOXII000070C,Belgium,COO II T,COO 6 T,1,MAW,PT1M,1,2023-06-19 16:00:00+02:00
2025-10-06 23:11:58+02:00,0,BE,Planned maintenance,A03,,2023-06-19 20:00:00+02:00,GiFJ4SF-2v-J0crxNvK4oQ,230.0,Hydro Pumped Storage,22WCOOXII000070C,Belgium,COO II T,COO 5 T,1,MAW,PT1M,1,2023-06-19 16:00:00+02:00
2025-10-06 23:11:58+02:00,0,BE,Planned maintenance,A03,,2023-06-19 20:00:00+02:00,nPLYs9jyt07OkUSyyHFPkg,230.0,Hydro Pumped Storage,22WCOOXII000070C,Belgium,COO II T,COO 4 T,1,MAW,PT1M,1,2023-06-19 16:00:00+02:00
2025-10-06 23:15:00+02:00,0,BE,Planned maintenance,A03,,2023-06-19 08:30:00+02:00,hg8FCUP-u4l6C6jpNbu3sQ,230.0,Hydro Pumped Storage,22WCOOXII000070C,Belgium,COO II T,COO 5 T,1,MAW,PT1M,1,2023-06-19 08:00:00+02:00
2025-10-06 23:15:00+02:00,0,BE,Planned maintenance,A03,,2023-06-19 08:30:00+02:00,744YnasicGjMf1MPLlGUyg,230.0,Hydro Pumped Storage,22WCOOXII000070C,Belgium,COO II T,COO 4 T,1,MAW,PT1M,1,2023-06-19 08:00:00+02:00
2025-10-06 23:15:02+02:00,0,BE,Planned maintenance,A03,,2023-06-19 08:30:00+02:00,LrPLOLHwZ7Jc9mCpOHuM4g,230.0,Hydro Pumped Storage,22WCOOXII000070C,Belgium,COO II T,COO 6 T,1,MAW,PT1M,1,2023-06-19 08:00:00+02:00
2025-10-06 23:19:06+02:00,10.8,BE,Planned maintenance,A03,,2023-06-17 19:30:00+02:00,-mELiFad0frBFHliFElwfQ,422.0,Fossil Gas,22WT-POWE000244W,Belgium,T-power Beringen,T-power Beringen,1,MAW,PT1M,2,2023-06-17 17:00:00+02:00
2025-10-06 23:23:26+02:00,0,BE,Planned maintenance,A03,,2023-06-20 10:00:00+02:00,agFQs-rUQB8Ny9zChE2npQ,150.0,Fossil Gas,22W201806271---D,Belgium,EDF Luminus Seraing TGV,EDF Luminus Seraing GT1,1,MAW,PT1M,2,2023-05-27 00:00:00+02:00
2025-10-06 23:23:26+02:00,0,BE,Planned maintenance,A03,,2023-06-20 10:00:00+02:00,CEDf1LDVZVtGLYNYPQB9vg,170.0,Fossil Gas,22W201806271---D,Belgium,EDF Luminus Seraing TGV,SERAING TV,1,MAW,PT1M,2,2023-05-27 00:00:00+02:00
2025-10-06 23:26:54+02:00,122,BE,Planned maintenance,A03,,2023-06-21 01:59:00+02:00,8nG97whDBfehSzZsffmfFQ,268.0,Biomass,22WRODENH000213L,Belgium,RODENHUIZE 4,RODENHUIZE 4,1,MAW,PT1M,2,2023-06-20 16:00:00+02:00
2025-10-06 23:26:58+02:00,0,BE,Planned maintenance,A03,Cancelled,2023-06-22 00:00:00+02:00,lExdBv1kH5jw3iL71wtI5Q,150.0,Fossil Gas,22W201806271---D,Belgium,EDF Luminus Seraing TGV,EDF Luminus Seraing GT1,1,MAW,PT1M,2,2023-06-21 00:00:00+02:00
2025-10-06 23:26:59+02:00,0,BE,Planned maintenance,A03,Cancelled,2023-06-22 00:00:00+02:00,Yp0_e0F6Govz-nJs1KXpOw,170.0,Fossil Gas,22W201806271---D,Belgium,EDF Luminus Seraing TGV,SERAING TV,1,MAW,PT1M,2,2023-06-21 00:00:00+02:00
2025-10-06 23:27:16+02:00,0,BE,Planned maintenance,A03,Cancelled,2023-06-26 18:00:00+02:00,77WIpH-pL0RCd9ndYxc5qw,386.2,Fossil Gas,22WZANDVL000255D,Belgium,Zandvliet Power,Zandvliet Power,1,MAW,PT1M,2,2023-06-26 06:00:00+02:00
2025-10-06 23:30:20+02:00,0,BE,Planned maintenance,A03,,2023-06-22 09:00:00+02:00,wW3847Ch7hm6IAPgrGjMzQ,150.0,Fossil Gas,22W201806271---D,Belgium,EDF Luminus Seraing TGV,EDF Luminus Seraing GT2,1,MAW,PT1M,3,2023-05-27 00:00:00+02:00
2025-10-06 23:30:49+02:00,0,BE,Planned maintenance,A03,,2023-06-22 04:00:00+02:00,hae0nAnUPU8ER0x0ag64mw,315.0,Fossil Gas,22WZELZAT0002618,Belgium,Zelzate 2 Knippegroen,Zelzate 2 Knippegroen,1,MAW,PT1M,3,2023-06-21 03:00:00+02:00
2025-10-06 23:31:01+02:00,120,BE,Planned maintenance,A03,,2023-06-22 09:00:00+02:00,PnpIfCcn4uTydVXq9a2JbA,268.0,Biomass,22WRODENH000213L,Belgium,RODENHUIZE 4,RODENHUIZE 4,1,MAW,PT1M,3,2023-06-21 02:01:00+02:00
2025-10-06 23:31:22+02:00,0,BE,Planned maintenance,A03,Cancelled,2023-06-26 17:00:00+02:00,f7AeyHCNdKCAYLoS4SmZ2w,216.0,Wind Offshore,22WNORTHW000187B,Belgium,Northwind,Northwind,1,MAW,PT1M,2,2023-06-26 08:00:00+02:00
2025-10-06 23:32:02+02:00,0,BE,Planned maintenance,A03,Cancelled,2023-06-24 00:00:00+02:00,_TahrOUE4HLe5fBUZK3FAg,150.0,Fossil Gas,22W201806271---D,Belgium,EDF Luminus Seraing TGV,EDF Luminus Seraing GT2,1,MAW,PT1M,2,2023-06-23 00:00:00+02:00
2025-10-06 23:35:32+02:00,0,BE,Planned maintenance,A03,,2023-06-23 20:00:00+02:00,fw_WAfbYl2h86ywrgqmkfw,150.0,Fossil Gas,22WDROGEN0000863,Belgium,DROGENBOS TGV,DROGENBOS GT2,1,MAW,PT1M,3,2023-06-21 00:00:00+02:00
2025-10-06 23:35:32+02:00,0,BE,Planned maintenance,A03,,2023-06-23 20:00:00+02:00,Vzg_DwYio2rMzhFVFq4KDg,160.0,Fossil Gas,22WDROGEN0000863,Belgium,DROGENBOS TGV,DROGENBOS ST,1,MAW,PT1M,4,2023-06-21 00:00:00+02:00
2025-10-06 23:35:47+02:00,0,BE,Planned maintenance,A03,,2023-06-24 10:00:00+02:00,NweoQf6Eid_BcKEtBhxNaQ,230.0,Hydro Pumped Storage,22WCOOXII000070C,Belgium,COO II T,COO 6 T,1,MAW,PT1M,1,2023-06-24 08:00:00+02:00
2025-10-06 23:39:10+02:00,0,BE,Planned maintenance,A03,Cancelled,2023-06-27 17:00:00+02:00,MoL3pDwR3tYkl9LdYNKrKg,216.0,Wind Offshore,22WNORTHW000187B,Belgium,Northwind,Northwind,1,MAW,PT1M,2,2023-06-27 08:00:00+02:00
2025-10-06 23:41:00+02:00,0,BE,Planned maintenance,A03,Cancelled,2023-06-28 17:00:00+02:00,DbzBuv7QxxwhiPUTSh-ZRA,216.0,Wind Offshore,22WNORTHW000187B,Belgium,Northwind,Northwind,1,MAW,PT1M,2,2023-06-28 08:00:00+02:00
2025-10-06 23:41:39+02:00,0,BE,Planned maintenance,A03,,2023-07-12 12:00:00+02:00,vAr8JB39ce7Fe6_aK7ck4Q,230.0,Hydro Pumped Storage,22WCOOXII000070C,Belgium,COO II T,COO 4 T,1,MAW,PT1M,1,2023-07-12 08:00:00+02:00
2025-10-06 23:44:26+02:00,0,BE,Planned maintenance,A03,,2023-06-29 21:32:00+02:00,ifnMWApAthTJk1lQNqbWww,386.0,Fossil Gas,22WSAINT-000221B,Belgium,SAINT-GHISLAIN STEG,SAINT-GHISLAIN STEG,1,MAW,PT1M,4,2023-06-10 00:00:00+02:00
2025-10-06 23:48:54+02:00,80.5,BE,Planned maintenance,A03,,2023-07-01 11:12:00+02:00,WEpyivrSJ-k_gt29EF_3Og,160.0,Fossil Gas,22WDROGEN0000863,Belgium,DROGENBOS TGV,DROGENBOS ST,1,MAW,PT1M,3,2023-06-23 20:00:00+02:00
2025-10-06 23:48:54+02:00,0,BE,Planned maintenance,A03,,2023-07-01 11:12:00+02:00,1SDe3GbKHjNCLK8aG2qfaw,150.0,Fossil Gas,22WDROGEN0000863,Belgium,DROGENBOS TGV,DROGENBOS GT1,1,MAW,PT1M,2,2023-05-27 06:00:00+02:00
2025-10-06 23:51:18+02:00,0,BE,Planned maintenance,A03,Cancelled,2023-07-04 17:00:00+02:00,0cxuTEJ9rFE_LUmRZec_MA,171.0,Wind Offshore,22WBELWIN0000271,Belgium,Belwind Phase 1,Belwind Phase 1,1,MAW,PT1M,2,2023-07-04 08:00:00+02:00
2025-10-06 23:51:19+02:00,0,BE,Planned maintenance,A03,Cancelled,2023-07-05 17:00:00+02:00,RJ-dnZGBwKjVW6Rq0AyOZg,171.0,Wind Offshore,22WBELWIN0000271,Belgium,Belwind Phase 1,Belwind Phase 1,1,MAW,PT1M,2,2023-07-05 08:00:00+02:00
2025-10-06 23:52:22+02:00,0,BE,Planned maintenance,A03,,2023-07-05 14:00:00+02:00,EmBLTPJokOeweF8l7A9tyQ,140.0,Fossil Gas,22WSCHELD0002261,Belgium,Scheldelaan Exxonmobil,Scheldelaan Exxonmobil,1,MAW,PT1M,1,2023-07-05 06:00:00+02:00
2025-10-06 23:55:06+02:00,0,BE,Planned maintenance,A03,,2023-07-04 18:06:00+02:00,0TFDqdrWQ-Iq1i1NfU8_sA,445.0,Nuclear,22WDOELX1000076X,Belgium,DOEL 1,DOEL 1,1,MAW,PT1M,6,2023-06-09 19:15:00+02:00
2025-10-06 23:55:35+02:00,0,BE,Planned maintenance,A03,Cancelled,2023-07-06 17:00:00+02:00,AA47xBhpE291odLlN5PPKQ,171.0,Wind Offshore,22WBELWIN0000271,Belgium,Belwind Phase 1,Belwind Phase 1,1,MAW,PT1M,2,2023-07-06 08:00:00+02:00
2025-10-06 23:56:03+02:00,0,BE,Planned maintenance,A03,,2023-07-10 17:00:00+02:00,0aeRP2XZZtyypWnc5t8fOQ,158.0,Hydro Pumped Storage,22WCOOXIX000067T,Belgium,COO I T,COO 3 T,1,MAW,PT1M,3,2023-06-26 08:00:00+02:00
2025-10-06 23:56:03+02:00,0,BE,Planned maintenance,A03,,2023-07-10 17:00:00+02:00,C7N3KIYrp12EVcwhX_PeMA,158.0,Hydro Pumped Storage,22WCOOXIX000067T,Belgium,COO I T,COO 2 T,1,MAW,PT1M,2,2023-07-05 08:00:00+02:00
2025-10-06 23:57:05+02:00,0,BE,Planned maintenance,A03,Cancelled,2023-07-06 11:00:00+02:00,EeQaqPt4pwV997WHYdv8eQ,230.0,Hydro Pumped Storage,22WCOOXII000070C,Belgium,COO II T,COO 5 T,1,MAW,PT1M,2,2023-07-06 09:00:00+02:00
2025-10-06 23:57:05+02:00,0,BE,Planned maintenance,A03,Cancelled,2023-07-06 11:00:00+02:00,E5t9F-tNIUqupHj6lCHJug,230.0,Hydro Pumped Storage,22WCOOXII000070C,Belgium,COO II T,COO 4 T,1,MAW,PT1M,2,2023-07-06 09:00:00+02:00
2025-10-06 23:57:05+02:00,0,BE,Planned maintenance,A03,Cancelled,2023-07-06 11:00:00+02:00,drYOrvFR6oywdC5iCjXnwQ,230.0,Hydro Pumped Storage,22WCOOXII000070C,Belgium,COO II T,COO 6 T,1,MAW,PT1M,2,2023-07-06 09:00:00+02:00
2025-10-06 23:59:25+02:00,0,BE,Planned maintenance,A03,,2023-07-07 12:24:00+02:00,TGGQcM4Ly5q3XMEqLFnQag,171.0,Wind Offshore,22WBELWIN0000271,Belgium,Belwind Phase 1,Belwind Phase 1,1,MAW,PT1M,2,2023-07-07 08:00:00+02:00
2025-10-07 00:03:31+02:00,0,BE,Planned maintenance,A03,,2023-07-11 11:30:00+02:00,3l-9S7I6I-sIH_bBDm_o_Q,230.0,Hydro Pumped Storage,22WCOOXII000070C,Belgium,COO II T,COO 6 T,1,MAW,PT1M,1,2023-07-11 08:30:00+02:00
2025-10-07 00:15:56+02:00,0,BE,Planned maintenance,A03,Cancelled,2023-07-13 16:00:00+02:00,1MCExbkiTfAhqSZozymFkg,386.0,Fossil Gas,22WSAINT-000221B,Belgium,SAINT-GHISLAIN STEG,SAINT-GHISLAIN STEG,1,MAW,PT1M,2,2023-07-13 01:00:00+02:00
2025-10-07 00:16:35+02:00,0,BE,Planned maintenance,A03,,2023-07-13 11:54:00+02:00,JCqWLio5f5Wl3hDe8Vgc0g,158.0,Hydro Pumped Storage,22WCOOXIX000067T,Belgium,COO I T,COO 2 T,1,MAW,PT1M,6,2023-07-13 09:22:00+02:00
2025-10-07 00:17:22+02:00,0,BE,Planned maintenance,A03,Cancelled,2023-07-13 17:30:00+02:00,_6HRbCg8T-J1iMsCXC76Kg,158.0,Hydro Pumped Storage,22WCOOXIX000067T,Belgium,COO I T,COO 3 T,1,MAW,PT1M,2,2023-07-13 17:00:00+02:00
2025-10-07 00:17:22+02:00,0,BE,Planned maintenance,A03,Cancelled,2023-07-13 17:30:00+02:00,GY53GPEPA9e6CpMnRpT32Q,230.0,Hydro Pumped Storage,22WCOOXII000070C,Belgium,COO II T,COO 4 T,1,MAW,PT1M,2,2023-07-13 17:00:00+02:00
2025-10-07 00:17:22+02:00,0,BE,Planned maintenance,A03,Cancelled,2023-07-13 17:30:00+02:00,tOLMNyRRTc_CwQnn7TfZvQ,158.0,Hydro Pumped Storage,22WCOOXIX000067T,Belgium,COO I T,COO 2 T,1,MAW,PT1M,2,2023-07-13 17:00:00+02:00
2025-10-07 00:17:23+02:00,0,BE,Planned maintenance,A03,Cancelled,2023-07-13 17:30:00+02:00,bM5JL78sXis5FLD2xhJhqw,230.0,Hydro Pumped Storage,22WCOOXII000070C,Belgium,COO II T,COO 5 T,1,MAW,PT1M,2,2023-07-13 17:00:00+02:00
